Driver,DriverNumber,LapNumber,Position,ObservationTime,PositionUpdateTime,PositionSource,FastF1DerivedPosition
VER,3,1,1.0,0 days 02:28:32.901000,0 days 00:00:08.714000,TimingData.Position at NumberOfLaps increment,1.0
HAM,44,1,2.0,0 days 02:28:37.891000,0 days 00:00:08.714000,TimingData.Position at NumberOfLaps increment,2.0
ANT,12,1,3.0,0 days 02:28:39.059000,0 days 00:00:08.714000,TimingData.Position at NumberOfLaps increment,3.0
LEC,16,1,4.0,0 days 02:28:40.465000,0 days 00:00:08.714000,TimingData.Position at NumberOfLaps increment,9.0
NOR,1,1,5.0,0 days 02:28:42.966000,0 days 00:00:08.714000,TimingData.Position at NumberOfLaps increment,4.0
PIA,81,1,6.0,0 days 02:28:46.341000,0 days 00:00:08.714000,TimingData.Position at NumberOfLaps increment,5.0
RUS,63,1,7.0,0 days 02:28:46.973000,0 days 00:00:08.714000,TimingData.Position at NumberOfLaps increment,6.0
HAD,6,1,8.0,0 days 02:28:49.034000,0 days 00:00:08.714000,TimingData.Position at NumberOfLaps increment,7.0
BOR,5,1,9.0,0 days 02:28:59.132000,0 days 02:27:33.533000,TimingData.Position at NumberOfLaps increment,8.0
LAW,30,1,10.0,0 days 02:29:00.194000,0 days 02:27:34.166000,TimingData.Position at NumberOfLaps increment,10.0
ALO,14,1,11.0,0 days 02:29:04.502000,0 days 02:27:39.467000,TimingData.Position at NumberOfLaps increment,11.0
SAI,55,1,12.0,0 days 02:29:05.701000,0 days 02:27:40.060000,TimingData.Position at NumberOfLaps increment,12.0
GAS,10,1,13.0,0 days 02:29:12.644000,0 days 02:27:56.301000,TimingData.Position at NumberOfLaps increment,13.0
STR,18,1,14.0,0 days 02:29:15.211000,0 days 02:27:56.301000,TimingData.Position at NumberOfLaps increment,14.0
HUL,27,1,15.0,0 days 02:29:15.791000,0 days 02:27:56.301000,TimingData.Position at NumberOfLaps increment,15.0
BEA,87,1,16.0,0 days 02:29:16.582000,0 days 02:27:56.301000,TimingData.Position at NumberOfLaps increment,16.0
OCO,31,1,17.0,0 days 02:29:17.435000,0 days 02:27:56.301000,TimingData.Position at NumberOfLaps increment,17.0
ALB,23,1,18.0,0 days 02:29:19.101000,0 days 02:27:56.301000,TimingData.Position at NumberOfLaps increment,18.0
BOT,77,1,19.0,0 days 02:29:24.645000,0 days 00:00:08.714000,TimingData.Position at NumberOfLaps increment,19.0
COL,43,1,20.0,0 days 02:29:35.284000,0 days 02:29:27.568000,TimingData.Position at NumberOfLaps increment,20.0
LIN,41,1,21.0,0 days 02:29:37.029000,0 days 02:29:28.782000,TimingData.Position at NumberOfLaps increment,21.0
PER,11,1,22.0,0 days 02:29:39.012000,0 days 02:29:28.782000,TimingData.Position at NumberOfLaps increment,22.0
PIA,81,2,1.0,0 days 02:31:31.098000,0 days 02:31:30.973000,TimingData.Position at NumberOfLaps increment,1.0
BOR,5,2,2.0,0 days 02:31:39.911000,0 days 02:31:39.754000,TimingData.Position at NumberOfLaps increment,2.0
STR,18,2,3.0,0 days 02:31:53.942000,0 days 02:31:53.880000,TimingData.Position at NumberOfLaps increment,3.0
HUL,27,2,4.0,0 days 02:31:54.583000,0 days 02:31:54.473000,TimingData.Position at NumberOfLaps increment,4.0
PER,11,2,5.0,0 days 02:32:14.716000,0 days 02:32:14.559000,TimingData.Position at NumberOfLaps increment,5.0
VER,3,2,6.0,0 days 02:32:32.872000,0 days 02:32:14.559000,TimingData.Position at NumberOfLaps increment,6.0
HAM,44,2,7.0,0 days 02:32:33.559000,0 days 02:32:14.559000,TimingData.Position at NumberOfLaps increment,7.0
ANT,12,2,8.0,0 days 02:32:33.809000,0 days 02:32:14.559000,TimingData.Position at NumberOfLaps increment,8.0
LEC,16,2,9.0,0 days 02:32:34.575000,0 days 02:32:14.559000,TimingData.Position at NumberOfLaps increment,22.0
RUS,63,2,10.0,0 days 02:32:34.716000,0 days 02:32:34.700000,TimingData.Position at NumberOfLaps increment,9.0
NOR,1,2,11.0,0 days 02:32:34.997000,0 days 02:32:34.700000,TimingData.Position at NumberOfLaps increment,10.0
HAD,6,2,12.0,0 days 02:32:35.356000,0 days 02:32:14.559000,TimingData.Position at NumberOfLaps increment,11.0
LAW,30,2,13.0,0 days 02:32:35.778000,0 days 02:32:35.514000,TimingData.Position at NumberOfLaps increment,12.0
SAI,55,2,14.0,0 days 02:32:36.387000,0 days 02:32:36.169000,TimingData.Position at NumberOfLaps increment,13.0
ALO,14,2,15.0,0 days 02:32:36.573000,0 days 02:32:36.356000,TimingData.Position at NumberOfLaps increment,14.0
GAS,10,2,16.0,0 days 02:32:36.603000,0 days 02:32:36.356000,TimingData.Position at NumberOfLaps increment,15.0
ALB,23,2,17.0,0 days 02:32:36.804000,0 days 02:32:36.675000,TimingData.Position at NumberOfLaps increment,16.0
OCO,31,2,18.0,0 days 02:32:36.933000,0 days 02:32:36.745000,TimingData.Position at NumberOfLaps increment,17.0
BEA,87,2,19.0,0 days 02:32:37.792000,0 days 02:32:36.745000,TimingData.Position at NumberOfLaps increment,18.0
LIN,41,2,20.0,0 days 02:32:37.792000,0 days 02:32:37.542000,TimingData.Position at NumberOfLaps increment,19.0
BOT,77,2,21.0,0 days 02:32:38.370000,0 days 02:32:37.542000,TimingData.Position at NumberOfLaps increment,20.0
COL,43,2,22.0,0 days 02:32:38.386000,0 days 02:32:37.542000,TimingData.Position at NumberOfLaps increment,21.0
ANT,12,3,1.0,0 days 02:34:25.153000,0 days 02:32:40.527000,TimingData.Position at NumberOfLaps increment,1.0
RUS,63,3,2.0,0 days 02:34:25.948000,0 days 02:32:40.730000,TimingData.Position at NumberOfLaps increment,2.0
VER,3,3,3.0,0 days 02:34:27.307000,0 days 02:32:41.323000,TimingData.Position at NumberOfLaps increment,3.0
LAW,30,3,4.0,0 days 02:34:29.557000,0 days 02:32:41.620000,TimingData.Position at NumberOfLaps increment,4.0
HAD,6,3,5.0,0 days 02:34:30.104000,0 days 02:32:51.013000,TimingData.Position at NumberOfLaps increment,5.0
SAI,55,3,6.0,0 days 02:34:31.870000,0 days 02:32:51.536000,TimingData.Position at NumberOfLaps increment,6.0
ALB,23,3,7.0,0 days 02:34:32.979000,0 days 02:32:52.173000,TimingData.Position at NumberOfLaps increment,7.0
OCO,31,3,8.0,0 days 02:34:33.229000,0 days 02:33:04.109000,TimingData.Position at NumberOfLaps increment,8.0
LIN,41,3,9.0,0 days 02:34:33.901000,0 days 02:33:04.901000,TimingData.Position at NumberOfLaps increment,9.0
PIA,81,3,10.0,0 days 02:34:41.698000,0 days 02:33:49.473000,TimingData.Position at NumberOfLaps increment,10.0
BOR,5,3,11.0,0 days 02:34:42.729000,0 days 02:33:49.925000,TimingData.Position at NumberOfLaps increment,11.0
HUL,27,3,12.0,0 days 02:34:44.495000,0 days 02:34:08.463000,TimingData.Position at NumberOfLaps increment,12.0
STR,18,3,13.0,0 days 02:34:46.214000,0 days 02:34:09.104000,TimingData.Position at NumberOfLaps increment,13.0
PER,11,3,14.0,0 days 02:34:46.919000,0 days 02:34:09.885000,TimingData.Position at NumberOfLaps increment,14.0
NOR,1,3,15.0,0 days 02:34:54.951000,0 days 02:34:54.763000,TimingData.Position at NumberOfLaps increment,16.0
HAM,44,3,16.0,0 days 02:34:55.169000,0 days 02:34:54.763000,TimingData.Position at NumberOfLaps increment,15.0
ALO,14,3,17.0,0 days 02:34:55.466000,0 days 02:34:28.792000,TimingData.Position at NumberOfLaps increment,17.0
GAS,10,3,18.0,0 days 02:34:58.388000,0 days 02:34:20.573000,TimingData.Position at NumberOfLaps increment,18.0
BEA,87,3,19.0,0 days 02:34:59.076000,0 days 02:34:21.526000,TimingData.Position at NumberOfLaps increment,19.0
COL,43,3,20.0,0 days 02:35:00.701000,0 days 02:34:22.651000,TimingData.Position at NumberOfLaps increment,20.0
BOT,77,3,21.0,0 days 02:35:02.044000,0 days 02:35:01.872000,TimingData.Position at NumberOfLaps increment,21.0
LEC,16,3,22.0,0 days 02:35:08.920000,0 days 02:35:01.872000,TimingData.Position at NumberOfLaps increment,22.0
ANT,12,4,1.0,0 days 02:36:13.829000,0 days 02:32:40.527000,TimingData.Position at NumberOfLaps increment,1.0
RUS,63,4,2.0,0 days 02:36:15.157000,0 days 02:32:40.730000,TimingData.Position at NumberOfLaps increment,2.0
VER,3,4,3.0,0 days 02:36:16.469000,0 days 02:32:41.323000,TimingData.Position at NumberOfLaps increment,3.0
LAW,30,4,4.0,0 days 02:36:21.376000,0 days 02:32:41.620000,TimingData.Position at NumberOfLaps increment,4.0
HAD,6,4,5.0,0 days 02:36:22.126000,0 days 02:32:51.013000,TimingData.Position at NumberOfLaps increment,5.0
SAI,55,4,6.0,0 days 02:36:24.969000,0 days 02:32:51.536000,TimingData.Position at NumberOfLaps increment,6.0
OCO,31,4,7.0,0 days 02:36:25.126000,0 days 02:34:46.557000,TimingData.Position at NumberOfLaps increment,7.0
ALB,23,4,8.0,0 days 02:36:26.797000,0 days 02:34:46.557000,TimingData.Position at NumberOfLaps increment,8.0
LIN,41,4,9.0,0 days 02:36:27.469000,0 days 02:33:04.901000,TimingData.Position at NumberOfLaps increment,9.0
PIA,81,4,10.0,0 days 02:36:32.423000,0 days 02:33:49.473000,TimingData.Position at NumberOfLaps increment,10.0
BOR,5,4,11.0,0 days 02:36:33.829000,0 days 02:33:49.925000,TimingData.Position at NumberOfLaps increment,11.0
HUL,27,4,12.0,0 days 02:36:35.423000,0 days 02:34:08.463000,TimingData.Position at NumberOfLaps increment,12.0
STR,18,4,13.0,0 days 02:36:38.954000,0 days 02:34:09.104000,TimingData.Position at NumberOfLaps increment,13.0
PER,11,4,14.0,0 days 02:36:40.610000,0 days 02:34:09.885000,TimingData.Position at NumberOfLaps increment,14.0
NOR,1,4,15.0,0 days 02:37:01.782000,0 days 02:36:36.548000,TimingData.Position at NumberOfLaps increment,15.0
ALO,14,4,16.0,0 days 02:37:05.548000,0 days 02:36:36.548000,TimingData.Position at NumberOfLaps increment,16.0
HAM,44,4,17.0,0 days 02:37:08.173000,0 days 02:36:36.548000,TimingData.Position at NumberOfLaps increment,17.0
GAS,10,4,18.0,0 days 02:37:10.829000,0 days 02:36:36.548000,TimingData.Position at NumberOfLaps increment,18.0
BEA,87,4,19.0,0 days 02:37:12.017000,0 days 02:36:36.548000,TimingData.Position at NumberOfLaps increment,19.0
COL,43,4,20.0,0 days 02:37:14.376000,0 days 02:34:22.651000,TimingData.Position at NumberOfLaps increment,20.0
BOT,77,4,21.0,0 days 02:37:16.360000,0 days 02:35:01.872000,TimingData.Position at NumberOfLaps increment,21.0
LEC,16,4,22.0,0 days 02:37:28.735000,0 days 02:35:01.872000,TimingData.Position at NumberOfLaps increment,22.0
ANT,12,5,1.0,0 days 02:38:03.546000,0 days 02:32:40.527000,TimingData.Position at NumberOfLaps increment,1.0
RUS,63,5,2.0,0 days 02:38:05.640000,0 days 02:32:40.730000,TimingData.Position at NumberOfLaps increment,2.0
VER,3,5,3.0,0 days 02:38:05.984000,0 days 02:32:41.323000,TimingData.Position at NumberOfLaps increment,3.0
LAW,30,5,4.0,0 days 02:38:13.125000,0 days 02:32:41.620000,TimingData.Position at NumberOfLaps increment,4.0
HAD,6,5,5.0,0 days 02:38:13.515000,0 days 02:32:51.013000,TimingData.Position at NumberOfLaps increment,5.0
SAI,55,5,6.0,0 days 02:38:18,0 days 02:32:51.536000,TimingData.Position at NumberOfLaps increment,6.0
OCO,31,5,7.0,0 days 02:38:18.359000,0 days 02:34:46.557000,TimingData.Position at NumberOfLaps increment,7.0
ALB,23,5,8.0,0 days 02:38:20.109000,0 days 02:34:46.557000,TimingData.Position at NumberOfLaps increment,8.0
LIN,41,5,9.0,0 days 02:38:20.156000,0 days 02:33:04.901000,TimingData.Position at NumberOfLaps increment,9.0
PIA,81,5,10.0,0 days 02:38:23.109000,0 days 02:33:49.473000,TimingData.Position at NumberOfLaps increment,10.0
BOR,5,5,11.0,0 days 02:38:25.156000,0 days 02:33:49.925000,TimingData.Position at NumberOfLaps increment,11.0
HUL,27,5,12.0,0 days 02:38:26.921000,0 days 02:34:08.463000,TimingData.Position at NumberOfLaps increment,12.0
STR,18,5,13.0,0 days 02:38:30.984000,0 days 02:34:09.104000,TimingData.Position at NumberOfLaps increment,13.0
PER,11,5,14.0,0 days 02:38:34.014000,0 days 02:34:09.885000,TimingData.Position at NumberOfLaps increment,14.0
NOR,1,5,15.0,0 days 02:39:03.751000,0 days 02:36:36.548000,TimingData.Position at NumberOfLaps increment,15.0
ALO,14,5,16.0,0 days 02:39:08.767000,0 days 02:36:36.548000,TimingData.Position at NumberOfLaps increment,16.0
HAM,44,5,17.0,0 days 02:39:12.361000,0 days 02:36:36.548000,TimingData.Position at NumberOfLaps increment,17.0
GAS,10,5,18.0,0 days 02:39:16.658000,0 days 02:36:36.548000,TimingData.Position at NumberOfLaps increment,18.0
BEA,87,5,19.0,0 days 02:39:18.017000,0 days 02:36:36.548000,TimingData.Position at NumberOfLaps increment,19.0
LEC,16,5,20.0,0 days 02:39:19.501000,0 days 02:39:11.564000,TimingData.Position at NumberOfLaps increment,22.0
COL,43,5,21.0,0 days 02:39:21.876000,0 days 02:39:11.564000,TimingData.Position at NumberOfLaps increment,20.0
BOT,77,5,22.0,0 days 02:39:25.689000,0 days 02:38:43.209000,TimingData.Position at NumberOfLaps increment,21.0
ANT,12,6,1.0,0 days 02:39:54.439000,0 days 02:32:40.527000,TimingData.Position at NumberOfLaps increment,1.0
VER,3,6,2.0,0 days 02:39:56.548000,0 days 02:38:33.234000,TimingData.Position at NumberOfLaps increment,2.0
RUS,63,6,3.0,0 days 02:39:57.737000,0 days 02:38:33.234000,TimingData.Position at NumberOfLaps increment,3.0
HAD,6,6,4.0,0 days 02:40:05.470000,0 days 02:39:50.892000,TimingData.Position at NumberOfLaps increment,4.0
LAW,30,6,5.0,0 days 02:40:06.158000,0 days 02:39:50.892000,TimingData.Position at NumberOfLaps increment,5.0
OCO,31,6,6.0,0 days 02:40:10.502000,0 days 02:39:24.267000,TimingData.Position at NumberOfLaps increment,6.0
SAI,55,6,7.0,0 days 02:40:11.564000,0 days 02:39:24.267000,TimingData.Position at NumberOfLaps increment,7.0
LIN,41,6,8.0,0 days 02:40:14.064000,0 days 02:39:00.283000,TimingData.Position at NumberOfLaps increment,8.0
ALB,23,6,9.0,0 days 02:40:14.861000,0 days 02:39:00.283000,TimingData.Position at NumberOfLaps increment,9.0
PIA,81,6,10.0,0 days 02:40:15.392000,0 days 02:33:49.473000,TimingData.Position at NumberOfLaps increment,10.0
BOR,5,6,11.0,0 days 02:40:17.830000,0 days 02:33:49.925000,TimingData.Position at NumberOfLaps increment,11.0
HUL,27,6,12.0,0 days 02:40:19.642000,0 days 02:34:08.463000,TimingData.Position at NumberOfLaps increment,12.0
STR,18,6,13.0,0 days 02:40:23.673000,0 days 02:34:09.104000,TimingData.Position at NumberOfLaps increment,13.0
PER,11,6,14.0,0 days 02:40:27.863000,0 days 02:34:09.885000,TimingData.Position at NumberOfLaps increment,14.0
NOR,1,6,15.0,0 days 02:41:01.903000,0 days 02:36:36.548000,TimingData.Position at NumberOfLaps increment,15.0
ALO,14,6,16.0,0 days 02:41:07.772000,0 days 02:36:36.548000,TimingData.Position at NumberOfLaps increment,16.0
LEC,16,6,17.0,0 days 02:41:10.054000,0 days 02:40:34.363000,TimingData.Position at NumberOfLaps increment,21.0
HAM,44,6,18.0,0 days 02:41:13.632000,0 days 02:40:34.363000,TimingData.Position at NumberOfLaps increment,17.0
GAS,10,6,19.0,0 days 02:41:20.444000,0 days 02:39:58.627000,TimingData.Position at NumberOfLaps increment,18.0
BEA,87,6,20.0,0 days 02:41:21.007000,0 days 02:39:43.673000,TimingData.Position at NumberOfLaps increment,19.0
COL,43,6,21.0,0 days 02:41:26.741000,0 days 02:41:01.586000,TimingData.Position at NumberOfLaps increment,20.0
BOT,77,6,22.0,0 days 02:41:30.322000,0 days 02:41:01.586000,TimingData.Position at NumberOfLaps increment,22.0
ANT,12,7,1.0,0 days 02:41:47.179000,0 days 02:32:40.527000,TimingData.Position at NumberOfLaps increment,1.0
VER,3,7,2.0,0 days 02:41:47.944000,0 days 02:38:33.234000,TimingData.Position at NumberOfLaps increment,2.0
RUS,63,7,3.0,0 days 02:41:50.257000,0 days 02:38:33.234000,TimingData.Position at NumberOfLaps increment,3.0
HAD,6,7,4.0,0 days 02:41:57.069000,0 days 02:39:50.892000,TimingData.Position at NumberOfLaps increment,4.0
LAW,30,7,5.0,0 days 02:42:00.460000,0 days 02:39:50.892000,TimingData.Position at NumberOfLaps increment,5.0
OCO,31,7,6.0,0 days 02:42:03.319000,0 days 02:39:24.267000,TimingData.Position at NumberOfLaps increment,6.0
SAI,55,7,7.0,0 days 02:42:05.429000,0 days 02:39:24.267000,TimingData.Position at NumberOfLaps increment,7.0
LIN,41,7,8.0,0 days 02:42:07.538000,0 days 02:39:00.283000,TimingData.Position at NumberOfLaps increment,8.0
ALB,23,7,9.0,0 days 02:42:10.026000,0 days 02:39:00.283000,TimingData.Position at NumberOfLaps increment,9.0
PIA,81,7,10.0,0 days 02:42:10.222000,0 days 02:33:49.473000,TimingData.Position at NumberOfLaps increment,10.0
BOR,5,7,11.0,0 days 02:42:12.185000,0 days 02:33:49.925000,TimingData.Position at NumberOfLaps increment,11.0
HUL,27,7,12.0,0 days 02:42:13.747000,0 days 02:34:08.463000,TimingData.Position at NumberOfLaps increment,12.0
STR,18,7,13.0,0 days 02:42:16.648000,0 days 02:34:09.104000,TimingData.Position at NumberOfLaps increment,13.0
PER,11,7,14.0,0 days 02:42:22.008000,0 days 02:34:09.885000,TimingData.Position at NumberOfLaps increment,14.0
NOR,1,7,15.0,0 days 02:42:57.196000,0 days 02:36:36.548000,TimingData.Position at NumberOfLaps increment,15.0
LEC,16,7,16.0,0 days 02:43:01.946000,0 days 02:42:09.667000,TimingData.Position at NumberOfLaps increment,20.0
ALO,14,7,17.0,0 days 02:43:04.477000,0 days 02:42:09.667000,TimingData.Position at NumberOfLaps increment,16.0
HAM,44,7,18.0,0 days 02:43:10.134000,0 days 02:40:34.363000,TimingData.Position at NumberOfLaps increment,17.0
GAS,10,7,19.0,0 days 02:43:18.680000,0 days 02:39:58.627000,TimingData.Position at NumberOfLaps increment,18.0
BEA,87,7,20.0,0 days 02:43:19.384000,0 days 02:39:43.673000,TimingData.Position at NumberOfLaps increment,19.0
COL,43,7,21.0,0 days 02:43:26.634000,0 days 02:41:01.586000,TimingData.Position at NumberOfLaps increment,21.0
BOT,77,7,22.0,0 days 02:43:30.306000,0 days 02:41:01.586000,TimingData.Position at NumberOfLaps increment,22.0
ANT,12,8,1.0,0 days 02:43:39.868000,0 days 02:32:40.527000,TimingData.Position at NumberOfLaps increment,1.0
VER,3,8,2.0,0 days 02:43:39.899000,0 days 02:38:33.234000,TimingData.Position at NumberOfLaps increment,2.0
RUS,63,8,3.0,0 days 02:43:42.759000,0 days 02:38:33.234000,TimingData.Position at NumberOfLaps increment,3.0
HAD,6,8,4.0,0 days 02:43:49.196000,0 days 02:39:50.892000,TimingData.Position at NumberOfLaps increment,4.0
LAW,30,8,5.0,0 days 02:43:54.540000,0 days 02:39:50.892000,TimingData.Position at NumberOfLaps increment,5.0
OCO,31,8,6.0,0 days 02:43:56.743000,0 days 02:39:24.267000,TimingData.Position at NumberOfLaps increment,6.0
SAI,55,8,7.0,0 days 02:43:59.837000,0 days 02:39:24.267000,TimingData.Position at NumberOfLaps increment,7.0
LIN,41,8,8.0,0 days 02:44:01.462000,0 days 02:39:00.283000,TimingData.Position at NumberOfLaps increment,8.0
ALB,23,8,9.0,0 days 02:44:05.462000,0 days 02:39:00.283000,TimingData.Position at NumberOfLaps increment,9.0
PIA,81,8,10.0,0 days 02:44:05.743000,0 days 02:33:49.473000,TimingData.Position at NumberOfLaps increment,10.0
BOR,5,8,11.0,0 days 02:44:07.290000,0 days 02:33:49.925000,TimingData.Position at NumberOfLaps increment,11.0
STR,18,8,12.0,0 days 02:44:10.493000,0 days 02:44:10.368000,TimingData.Position at NumberOfLaps increment,12.0
HUL,27,8,13.0,0 days 02:44:14.853000,0 days 02:44:10.368000,TimingData.Position at NumberOfLaps increment,13.0
PER,11,8,14.0,0 days 02:44:17.134000,0 days 02:34:09.885000,TimingData.Position at NumberOfLaps increment,14.0
NOR,1,8,15.0,0 days 02:44:49.228000,0 days 02:36:36.548000,TimingData.Position at NumberOfLaps increment,15.0
LEC,16,8,16.0,0 days 02:44:53.540000,0 days 02:42:09.667000,TimingData.Position at NumberOfLaps increment,18.0
ALO,14,8,17.0,0 days 02:44:58.556000,0 days 02:42:09.667000,TimingData.Position at NumberOfLaps increment,16.0
HAM,44,8,18.0,0 days 02:45:03.025000,0 days 02:40:34.363000,TimingData.Position at NumberOfLaps increment,17.0
GAS,10,8,19.0,0 days 02:45:13.259000,0 days 02:39:58.627000,TimingData.Position at NumberOfLaps increment,19.0
BEA,87,8,20.0,0 days 02:45:14.087000,0 days 02:39:43.673000,TimingData.Position at NumberOfLaps increment,20.0
COL,43,8,21.0,0 days 02:45:25.306000,0 days 02:41:01.586000,TimingData.Position at NumberOfLaps increment,21.0
ANT,12,9,1.0,0 days 02:45:42.604000,0 days 02:32:40.527000,TimingData.Position at NumberOfLaps increment,1.0
VER,3,9,2.0,0 days 02:45:43.457000,0 days 02:38:33.234000,TimingData.Position at NumberOfLaps increment,2.0
RUS,63,9,3.0,0 days 02:45:47.768000,0 days 02:38:33.234000,TimingData.Position at NumberOfLaps increment,3.0
HAD,6,9,4.0,0 days 02:45:57.070000,0 days 02:39:50.892000,TimingData.Position at NumberOfLaps increment,4.0
LAW,30,9,5.0,0 days 02:46:05.894000,0 days 02:39:50.892000,TimingData.Position at NumberOfLaps increment,5.0
OCO,31,9,6.0,0 days 02:46:07.519000,0 days 02:39:24.267000,TimingData.Position at NumberOfLaps increment,6.0
SAI,55,9,7.0,0 days 02:46:11.441000,0 days 02:39:24.267000,TimingData.Position at NumberOfLaps increment,7.0
LIN,41,9,8.0,0 days 02:46:12.550000,0 days 02:39:00.283000,TimingData.Position at NumberOfLaps increment,8.0
ALB,23,9,9.0,0 days 02:46:19.003000,0 days 02:39:00.283000,TimingData.Position at NumberOfLaps increment,9.0
PIA,81,9,10.0,0 days 02:46:20.003000,0 days 02:33:49.473000,TimingData.Position at NumberOfLaps increment,10.0
BOR,5,9,11.0,0 days 02:46:20.988000,0 days 02:33:49.925000,TimingData.Position at NumberOfLaps increment,11.0
STR,18,9,12.0,0 days 02:46:23.519000,0 days 02:44:10.368000,TimingData.Position at NumberOfLaps increment,12.0
PER,11,9,13.0,0 days 02:46:32.035000,0 days 02:44:21.837000,TimingData.Position at NumberOfLaps increment,13.0
HUL,27,9,14.0,0 days 02:46:46.253000,0 days 02:44:21.837000,TimingData.Position at NumberOfLaps increment,14.0
NOR,1,9,15.0,0 days 02:47:11.566000,0 days 02:36:36.548000,TimingData.Position at NumberOfLaps increment,15.0
LEC,16,9,16.0,0 days 02:47:16.597000,0 days 02:42:09.667000,TimingData.Position at NumberOfLaps increment,18.0
HAM,44,9,17.0,0 days 02:47:23.660000,0 days 02:47:23.504000,TimingData.Position at NumberOfLaps increment,16.0
ALO,14,9,18.0,0 days 02:47:24.316000,0 days 02:47:23.504000,TimingData.Position at NumberOfLaps increment,17.0
BEA,87,9,19.0,0 days 02:47:37.106000,0 days 02:47:36.981000,TimingData.Position at NumberOfLaps increment,19.0
GAS,10,9,20.0,0 days 02:47:41.966000,0 days 02:47:36.981000,TimingData.Position at NumberOfLaps increment,20.0
COL,43,9,21.0,0 days 02:47:54.856000,0 days 02:41:01.586000,TimingData.Position at NumberOfLaps increment,21.0
ANT,12,10,1.0,0 days 02:48:33.564000,0 days 02:32:40.527000,TimingData.Position at NumberOfLaps increment,1.0
VER,3,10,2.0,0 days 02:48:34.502000,0 days 02:38:33.234000,TimingData.Position at NumberOfLaps increment,2.0
RUS,63,10,3.0,0 days 02:48:36.283000,0 days 02:38:33.234000,TimingData.Position at NumberOfLaps increment,3.0
HAD,6,10,4.0,0 days 02:48:38.439000,0 days 02:39:50.892000,TimingData.Position at NumberOfLaps increment,4.0
LAW,30,10,5.0,0 days 02:48:45.270000,0 days 02:39:50.892000,TimingData.Position at NumberOfLaps increment,5.0
OCO,31,10,6.0,0 days 02:48:47.186000,0 days 02:39:24.267000,TimingData.Position at NumberOfLaps increment,6.0
LIN,41,10,7.0,0 days 02:48:51.821000,0 days 02:46:34.347000,TimingData.Position at NumberOfLaps increment,7.0
SAI,55,10,8.0,0 days 02:48:55.071000,0 days 02:46:34.347000,TimingData.Position at NumberOfLaps increment,8.0
BOR,5,10,9.0,0 days 02:48:58.728000,0 days 02:46:41.644000,TimingData.Position at NumberOfLaps increment,9.0
PIA,81,10,10.0,0 days 02:49:00.899000,0 days 02:46:42.425000,TimingData.Position at NumberOfLaps increment,10.0
STR,18,10,11.0,0 days 02:49:02.587000,0 days 02:46:49.769000,TimingData.Position at NumberOfLaps increment,11.0
ALB,23,10,12.0,0 days 02:49:06.118000,0 days 02:46:49.769000,TimingData.Position at NumberOfLaps increment,12.0
HUL,27,10,13.0,0 days 02:49:08.103000,0 days 02:46:52.863000,TimingData.Position at NumberOfLaps increment,13.0
PER,11,10,14.0,0 days 02:49:11.900000,0 days 02:46:52.863000,TimingData.Position at NumberOfLaps increment,14.0
HAM,44,10,15.0,0 days 02:49:46.953000,0 days 02:47:29.566000,TimingData.Position at NumberOfLaps increment,15.0
NOR,1,10,16.0,0 days 02:49:55.718000,0 days 02:47:29.566000,TimingData.Position at NumberOfLaps increment,16.0
LEC,16,10,17.0,0 days 02:49:57.593000,0 days 02:47:29.566000,TimingData.Position at NumberOfLaps increment,19.0
ALO,14,10,18.0,0 days 02:50:04.749000,0 days 02:50:04.477000,TimingData.Position at NumberOfLaps increment,17.0
BEA,87,10,19.0,0 days 02:50:06.779000,0 days 02:50:04.477000,TimingData.Position at NumberOfLaps increment,18.0
GAS,10,10,20.0,0 days 02:50:22.285000,0 days 02:47:36.981000,TimingData.Position at NumberOfLaps increment,20.0
COL,43,10,21.0,0 days 02:50:33.691000,0 days 02:41:01.586000,TimingData.Position at NumberOfLaps increment,21.0
ANT,12,11,1.0,0 days 02:51:01.006000,0 days 02:32:40.527000,TimingData.Position at NumberOfLaps increment,1.0
VER,3,11,2.0,0 days 02:51:01.818000,0 days 02:38:33.234000,TimingData.Position at NumberOfLaps increment,2.0
RUS,63,11,3.0,0 days 02:51:02.802000,0 days 02:38:33.234000,TimingData.Position at NumberOfLaps increment,3.0
HAD,6,11,4.0,0 days 02:51:03.834000,0 days 02:39:50.892000,TimingData.Position at NumberOfLaps increment,4.0
LAW,30,11,5.0,0 days 02:51:05.506000,0 days 02:39:50.892000,TimingData.Position at NumberOfLaps increment,5.0
OCO,31,11,6.0,0 days 02:51:06.349000,0 days 02:39:24.267000,TimingData.Position at NumberOfLaps increment,6.0
LIN,41,11,7.0,0 days 02:51:07.530000,0 days 02:46:34.347000,TimingData.Position at NumberOfLaps increment,7.0
SAI,55,11,8.0,0 days 02:51:08.812000,0 days 02:46:34.347000,TimingData.Position at NumberOfLaps increment,8.0
BOR,5,11,9.0,0 days 02:51:09.374000,0 days 02:46:41.644000,TimingData.Position at NumberOfLaps increment,9.0
PIA,81,11,10.0,0 days 02:51:10.827000,0 days 02:46:42.425000,TimingData.Position at NumberOfLaps increment,10.0
STR,18,11,11.0,0 days 02:51:13.561000,0 days 02:46:49.769000,TimingData.Position at NumberOfLaps increment,11.0
ALB,23,11,12.0,0 days 02:51:15.139000,0 days 02:46:49.769000,TimingData.Position at NumberOfLaps increment,12.0
HUL,27,11,13.0,0 days 02:51:16.155000,0 days 02:46:52.863000,TimingData.Position at NumberOfLaps increment,13.0
PER,11,11,14.0,0 days 02:51:17.405000,0 days 02:46:52.863000,TimingData.Position at NumberOfLaps increment,14.0
HAM,44,11,15.0,0 days 02:51:40.639000,0 days 02:47:29.566000,TimingData.Position at NumberOfLaps increment,15.0
NOR,1,11,16.0,0 days 02:51:52.514000,0 days 02:47:29.566000,TimingData.Position at NumberOfLaps increment,16.0
LEC,16,11,17.0,0 days 02:51:54.108000,0 days 02:47:29.566000,TimingData.Position at NumberOfLaps increment,18.0
ALO,14,11,18.0,0 days 02:51:58.046000,0 days 02:50:04.477000,TimingData.Position at NumberOfLaps increment,17.0
GAS,10,11,19.0,0 days 02:52:19.467000,0 days 02:50:26.800000,TimingData.Position at NumberOfLaps increment,19.0
BEA,87,11,20.0,0 days 02:52:20.952000,0 days 02:50:26.800000,TimingData.Position at NumberOfLaps increment,20.0
COL,43,11,21.0,0 days 02:52:28.999000,0 days 02:41:01.586000,TimingData.Position at NumberOfLaps increment,21.0
ANT,12,12,1.0,0 days 02:53:42.183000,0 days 02:32:40.527000,TimingData.Position at NumberOfLaps increment,1.0
VER,3,12,2.0,0 days 02:53:42.429000,0 days 02:38:33.234000,TimingData.Position at NumberOfLaps increment,2.0
RUS,63,12,3.0,0 days 02:53:42.650000,0 days 02:38:33.234000,TimingData.Position at NumberOfLaps increment,3.0
HAD,6,12,4.0,0 days 02:53:43.523000,0 days 02:39:50.892000,TimingData.Position at NumberOfLaps increment,4.0
LAW,30,12,5.0,0 days 02:53:44.064000,0 days 02:39:50.892000,TimingData.Position at NumberOfLaps increment,5.0
OCO,31,12,6.0,0 days 02:53:44.728000,0 days 02:39:24.267000,TimingData.Position at NumberOfLaps increment,6.0
LIN,41,12,7.0,0 days 02:53:45.150000,0 days 02:46:34.347000,TimingData.Position at NumberOfLaps increment,7.0
SAI,55,12,8.0,0 days 02:53:45.397000,0 days 02:46:34.347000,TimingData.Position at NumberOfLaps increment,8.0
BOR,5,12,9.0,0 days 02:53:46.129000,0 days 02:46:41.644000,TimingData.Position at NumberOfLaps increment,9.0
PIA,81,12,10.0,0 days 02:53:46.466000,0 days 02:46:42.425000,TimingData.Position at NumberOfLaps increment,10.0
STR,18,12,11.0,0 days 02:53:46.980000,0 days 02:46:49.769000,TimingData.Position at NumberOfLaps increment,11.0
ALB,23,12,12.0,0 days 02:53:47.670000,0 days 02:46:49.769000,TimingData.Position at NumberOfLaps increment,12.0
HUL,27,12,13.0,0 days 02:53:47.862000,0 days 02:46:52.863000,TimingData.Position at NumberOfLaps increment,13.0
PER,11,12,14.0,0 days 02:53:48.470000,0 days 02:46:52.863000,TimingData.Position at NumberOfLaps increment,14.0
HAM,44,12,15.0,0 days 02:53:48.750000,0 days 02:47:29.566000,TimingData.Position at NumberOfLaps increment,15.0
NOR,1,12,16.0,0 days 02:53:49.379000,0 days 02:47:29.566000,TimingData.Position at NumberOfLaps increment,16.0
LEC,16,12,17.0,0 days 02:53:49.614000,0 days 02:47:29.566000,TimingData.Position at NumberOfLaps increment,19.0
ALO,14,12,18.0,0 days 02:53:50.011000,0 days 02:50:04.477000,TimingData.Position at NumberOfLaps increment,17.0
GAS,10,12,19.0,0 days 02:54:08.901000,0 days 02:50:26.800000,TimingData.Position at NumberOfLaps increment,18.0
BEA,87,12,20.0,0 days 02:54:09.887000,0 days 02:50:26.800000,TimingData.Position at NumberOfLaps increment,20.0
COL,43,12,21.0,0 days 02:54:17.678000,0 days 02:41:01.586000,TimingData.Position at NumberOfLaps increment,21.0
VER,3,13,1.0,0 days 02:55:27.188000,0 days 02:54:06.542000,TimingData.Position at NumberOfLaps increment,1.0
RUS,63,13,2.0,0 days 02:55:28.032000,0 days 02:54:20.938000,TimingData.Position at NumberOfLaps increment,2.0
ANT,12,13,3.0,0 days 02:55:28.563000,0 days 02:54:20.938000,TimingData.Position at NumberOfLaps increment,3.0
HAD,6,13,4.0,0 days 02:55:30.578000,0 days 02:39:50.892000,TimingData.Position at NumberOfLaps increment,4.0
LAW,30,13,5.0,0 days 02:55:32.188000,0 days 02:39:50.892000,TimingData.Position at NumberOfLaps increment,5.0
OCO,31,13,6.0,0 days 02:55:33.818000,0 days 02:39:24.267000,TimingData.Position at NumberOfLaps increment,6.0
LIN,41,13,7.0,0 days 02:55:34.594000,0 days 02:46:34.347000,TimingData.Position at NumberOfLaps increment,7.0
BOR,5,13,8.0,0 days 02:55:35.766000,0 days 02:54:12.090000,TimingData.Position at NumberOfLaps increment,8.0
PIA,81,13,9.0,0 days 02:55:36.563000,0 days 02:54:12.360000,TimingData.Position at NumberOfLaps increment,9.0
HUL,27,13,10.0,0 days 02:55:37.172000,0 days 02:54:28.047000,TimingData.Position at NumberOfLaps increment,10.0
STR,18,13,11.0,0 days 02:55:39.088000,0 days 02:54:28.047000,TimingData.Position at NumberOfLaps increment,11.0
HAM,44,13,12.0,0 days 02:55:39.488000,0 days 02:55:04.469000,TimingData.Position at NumberOfLaps increment,12.0
ALB,23,13,13.0,0 days 02:55:39.962000,0 days 02:55:04.469000,TimingData.Position at NumberOfLaps increment,13.0
NOR,1,13,14.0,0 days 02:55:40.089000,0 days 02:54:24.328000,TimingData.Position at NumberOfLaps increment,14.0
LEC,16,13,15.0,0 days 02:55:40.750000,0 days 02:55:18.657000,TimingData.Position at NumberOfLaps increment,20.0
PER,11,13,16.0,0 days 02:55:41.533000,0 days 02:55:18.657000,TimingData.Position at NumberOfLaps increment,15.0
ALO,14,13,17.0,0 days 02:55:41.674000,0 days 02:54:15.178000,TimingData.Position at NumberOfLaps increment,16.0
SAI,55,13,18.0,0 days 02:55:46.986000,0 days 02:54:15.178000,TimingData.Position at NumberOfLaps increment,17.0
GAS,10,13,19.0,0 days 02:55:55.408000,0 days 02:50:26.800000,TimingData.Position at NumberOfLaps increment,18.0
BEA,87,13,20.0,0 days 02:55:56.580000,0 days 02:50:26.800000,TimingData.Position at NumberOfLaps increment,19.0
COL,43,13,21.0,0 days 02:56:03.877000,0 days 02:41:01.586000,TimingData.Position at NumberOfLaps increment,21.0
VER,3,14,1.0,0 days 02:57:10.843000,0 days 02:54:06.542000,TimingData.Position at NumberOfLaps increment,1.0
RUS,63,14,2.0,0 days 02:57:11.936000,0 days 02:54:20.938000,TimingData.Position at NumberOfLaps increment,2.0
ANT,12,14,3.0,0 days 02:57:12.796000,0 days 02:54:20.938000,TimingData.Position at NumberOfLaps increment,3.0
HAD,6,14,4.0,0 days 02:57:14.936000,0 days 02:39:50.892000,TimingData.Position at NumberOfLaps increment,4.0
LAW,30,14,5.0,0 days 02:57:17.968000,0 days 02:39:50.892000,TimingData.Position at NumberOfLaps increment,5.0
OCO,31,14,6.0,0 days 02:57:19.749000,0 days 02:39:24.267000,TimingData.Position at NumberOfLaps increment,6.0
LIN,41,14,7.0,0 days 02:57:21.386000,0 days 02:46:34.347000,TimingData.Position at NumberOfLaps increment,7.0
PIA,81,14,8.0,0 days 02:57:23.043000,0 days 02:57:08.796000,TimingData.Position at NumberOfLaps increment,8.0
BOR,5,14,9.0,0 days 02:57:23.324000,0 days 02:57:08.796000,TimingData.Position at NumberOfLaps increment,9.0
HUL,27,14,10.0,0 days 02:57:23.918000,0 days 02:54:28.047000,TimingData.Position at NumberOfLaps increment,10.0
HAM,44,14,11.0,0 days 02:57:24.761000,0 days 02:56:12.762000,TimingData.Position at NumberOfLaps increment,11.0
STR,18,14,12.0,0 days 02:57:26.949000,0 days 02:56:12.762000,TimingData.Position at NumberOfLaps increment,12.0
NOR,1,14,13.0,0 days 02:57:27.027000,0 days 02:55:52.783000,TimingData.Position at NumberOfLaps increment,13.0
LEC,16,14,14.0,0 days 02:57:28.152000,0 days 02:56:18.996000,TimingData.Position at NumberOfLaps increment,20.0
ALB,23,14,15.0,0 days 02:57:29.136000,0 days 02:56:18.996000,TimingData.Position at NumberOfLaps increment,14.0
ALO,14,14,16.0,0 days 02:57:29.449000,0 days 02:55:48.549000,TimingData.Position at NumberOfLaps increment,15.0
PER,11,14,17.0,0 days 02:57:30.121000,0 days 02:55:48.549000,TimingData.Position at NumberOfLaps increment,16.0
SAI,55,14,18.0,0 days 02:57:33.246000,0 days 02:54:15.178000,TimingData.Position at NumberOfLaps increment,17.0
GAS,10,14,19.0,0 days 02:57:40.874000,0 days 02:50:26.800000,TimingData.Position at NumberOfLaps increment,18.0
BEA,87,14,20.0,0 days 02:57:42.296000,0 days 02:50:26.800000,TimingData.Position at NumberOfLaps increment,19.0
COL,43,14,21.0,0 days 02:57:49.577000,0 days 02:41:01.586000,TimingData.Position at NumberOfLaps increment,21.0
VER,3,15,1.0,0 days 02:58:52.874000,0 days 02:54:06.542000,TimingData.Position at NumberOfLaps increment,1.0
RUS,63,15,2.0,0 days 02:58:54.546000,0 days 02:54:20.938000,TimingData.Position at NumberOfLaps increment,2.0
ANT,12,15,3.0,0 days 02:58:55.687000,0 days 02:54:20.938000,TimingData.Position at NumberOfLaps increment,3.0
HAD,6,15,4.0,0 days 02:58:58.343000,0 days 02:39:50.892000,TimingData.Position at NumberOfLaps increment,4.0
LAW,30,15,5.0,0 days 02:59:02.593000,0 days 02:39:50.892000,TimingData.Position at NumberOfLaps increment,5.0
OCO,31,15,6.0,0 days 02:59:04.518000,0 days 02:39:24.267000,TimingData.Position at NumberOfLaps increment,6.0
LIN,41,15,7.0,0 days 02:59:06.585000,0 days 02:46:34.347000,TimingData.Position at NumberOfLaps increment,7.0
PIA,81,15,8.0,0 days 02:59:08.007000,0 days 02:57:08.796000,TimingData.Position at NumberOfLaps increment,8.0
HUL,27,15,9.0,0 days 02:59:08.835000,0 days 02:59:08.710000,TimingData.Position at NumberOfLaps increment,9.0
HAM,44,15,10.0,0 days 02:59:09.226000,0 days 02:59:09.023000,TimingData.Position at NumberOfLaps increment,10.0
NOR,1,15,11.0,0 days 02:59:11.132000,0 days 02:59:10.962000,TimingData.Position at NumberOfLaps increment,11.0
STR,18,15,12.0,0 days 02:59:12.601000,0 days 02:59:12.444000,TimingData.Position at NumberOfLaps increment,12.0
LEC,16,15,13.0,0 days 02:59:13.069000,0 days 02:59:12.913000,TimingData.Position at NumberOfLaps increment,20.0
BOR,5,15,14.0,0 days 02:59:15.488000,0 days 02:59:12.913000,TimingData.Position at NumberOfLaps increment,13.0
ALO,14,15,15.0,0 days 02:59:16.072000,0 days 02:59:15.942000,TimingData.Position at NumberOfLaps increment,14.0
ALB,23,15,16.0,0 days 02:59:16.351000,0 days 02:59:15.942000,TimingData.Position at NumberOfLaps increment,15.0
PER,11,15,17.0,0 days 02:59:17.452000,0 days 02:55:48.549000,TimingData.Position at NumberOfLaps increment,16.0
SAI,55,15,18.0,0 days 02:59:18.998000,0 days 02:54:15.178000,TimingData.Position at NumberOfLaps increment,17.0
GAS,10,15,19.0,0 days 02:59:25.331000,0 days 02:50:26.800000,TimingData.Position at NumberOfLaps increment,18.0
BEA,87,15,20.0,0 days 02:59:26.471000,0 days 02:50:26.800000,TimingData.Position at NumberOfLaps increment,19.0
COL,43,15,21.0,0 days 02:59:34.505000,0 days 02:41:01.586000,TimingData.Position at NumberOfLaps increment,21.0
VER,3,16,1.0,0 days 03:00:34.255000,0 days 02:54:06.542000,TimingData.Position at NumberOfLaps increment,1.0
RUS,63,16,2.0,0 days 03:00:36.161000,0 days 02:54:20.938000,TimingData.Position at NumberOfLaps increment,2.0
ANT,12,16,3.0,0 days 03:00:37.677000,0 days 02:54:20.938000,TimingData.Position at NumberOfLaps increment,3.0
HAD,6,16,4.0,0 days 03:00:41.270000,0 days 02:39:50.892000,TimingData.Position at NumberOfLaps increment,4.0
LAW,30,16,5.0,0 days 03:00:46.349000,0 days 02:39:50.892000,TimingData.Position at NumberOfLaps increment,5.0
OCO,31,16,6.0,0 days 03:00:48.317000,0 days 02:39:24.267000,TimingData.Position at NumberOfLaps increment,6.0
LIN,41,16,7.0,0 days 03:00:49.958000,0 days 02:46:34.347000,TimingData.Position at NumberOfLaps increment,7.0
PIA,81,16,8.0,0 days 03:00:50.536000,0 days 02:57:08.796000,TimingData.Position at NumberOfLaps increment,8.0
HAM,44,16,9.0,0 days 03:00:51.395000,0 days 02:59:32.017000,TimingData.Position at NumberOfLaps increment,9.0
HUL,27,16,10.0,0 days 03:00:52.614000,0 days 02:59:32.017000,TimingData.Position at NumberOfLaps increment,10.0
NOR,1,16,11.0,0 days 03:00:53.849000,0 days 02:59:10.962000,TimingData.Position at NumberOfLaps increment,11.0
LEC,16,16,12.0,0 days 03:00:55.114000,0 days 02:59:24.877000,TimingData.Position at NumberOfLaps increment,19.0
STR,18,16,13.0,0 days 03:00:57.208000,0 days 02:59:24.877000,TimingData.Position at NumberOfLaps increment,12.0
ALO,14,16,14.0,0 days 03:01:01.067000,0 days 03:01:00.849000,TimingData.Position at NumberOfLaps increment,13.0
PER,11,16,15.0,0 days 03:01:02.552000,0 days 03:01:02.442000,TimingData.Position at NumberOfLaps increment,14.0
SAI,55,16,16.0,0 days 03:01:03.536000,0 days 03:01:03.349000,TimingData.Position at NumberOfLaps increment,15.0
ALB,23,16,17.0,0 days 03:01:07.677000,0 days 03:01:03.349000,TimingData.Position at NumberOfLaps increment,16.0
GAS,10,16,18.0,0 days 03:01:08.599000,0 days 02:59:29.591000,TimingData.Position at NumberOfLaps increment,17.0
BEA,87,16,19.0,0 days 03:01:10.099000,0 days 02:59:30.635000,TimingData.Position at NumberOfLaps increment,18.0
COL,43,16,20.0,0 days 03:01:17.849000,0 days 02:59:38.551000,TimingData.Position at NumberOfLaps increment,20.0
BOR,5,16,21.0,0 days 03:01:28.333000,0 days 02:59:38.551000,TimingData.Position at NumberOfLaps increment,21.0
VER,3,17,1.0,0 days 03:02:15.200000,0 days 02:54:06.542000,TimingData.Position at NumberOfLaps increment,1.0
RUS,63,17,2.0,0 days 03:02:17.762000,0 days 02:54:20.938000,TimingData.Position at NumberOfLaps increment,2.0
ANT,12,17,3.0,0 days 03:02:19.012000,0 days 02:54:20.938000,TimingData.Position at NumberOfLaps increment,3.0
HAD,6,17,4.0,0 days 03:02:23.887000,0 days 02:39:50.892000,TimingData.Position at NumberOfLaps increment,4.0
LAW,30,17,5.0,0 days 03:02:30.278000,0 days 02:39:50.892000,TimingData.Position at NumberOfLaps increment,5.0
OCO,31,17,6.0,0 days 03:02:31.981000,0 days 02:39:24.267000,TimingData.Position at NumberOfLaps increment,6.0
LIN,41,17,7.0,0 days 03:02:33.059000,0 days 02:46:34.347000,TimingData.Position at NumberOfLaps increment,7.0
PIA,81,17,8.0,0 days 03:02:33.559000,0 days 02:57:08.796000,TimingData.Position at NumberOfLaps increment,8.0
HAM,44,17,9.0,0 days 03:02:33.997000,0 days 02:59:32.017000,TimingData.Position at NumberOfLaps increment,9.0
HUL,27,17,10.0,0 days 03:02:35.559000,0 days 02:59:32.017000,TimingData.Position at NumberOfLaps increment,10.0
NOR,1,17,11.0,0 days 03:02:36.138000,0 days 02:59:10.962000,TimingData.Position at NumberOfLaps increment,11.0
LEC,16,17,12.0,0 days 03:02:37.059000,0 days 02:59:24.877000,TimingData.Position at NumberOfLaps increment,18.0
STR,18,17,13.0,0 days 03:02:41.041000,0 days 02:59:24.877000,TimingData.Position at NumberOfLaps increment,12.0
ALO,14,17,14.0,0 days 03:02:44.809000,0 days 03:01:00.849000,TimingData.Position at NumberOfLaps increment,13.0
PER,11,17,15.0,0 days 03:02:47.652000,0 days 03:01:02.442000,TimingData.Position at NumberOfLaps increment,14.0
SAI,55,17,16.0,0 days 03:02:48.168000,0 days 03:01:03.349000,TimingData.Position at NumberOfLaps increment,15.0
GAS,10,17,17.0,0 days 03:02:51.531000,0 days 03:01:12.770000,TimingData.Position at NumberOfLaps increment,16.0
BEA,87,17,18.0,0 days 03:02:53.690000,0 days 03:01:14.333000,TimingData.Position at NumberOfLaps increment,17.0
COL,43,17,19.0,0 days 03:03:00.845000,0 days 03:01:22.177000,TimingData.Position at NumberOfLaps increment,19.0
ALB,23,17,20.0,0 days 03:03:10.309000,0 days 03:01:22.177000,TimingData.Position at NumberOfLaps increment,20.0
BOR,5,17,21.0,0 days 03:03:11.062000,0 days 02:59:38.551000,TimingData.Position at NumberOfLaps increment,21.0
VER,3,18,1.0,0 days 03:03:56.079000,0 days 02:54:06.542000,TimingData.Position at NumberOfLaps increment,1.0
RUS,63,18,2.0,0 days 03:03:59.360000,0 days 02:54:20.938000,TimingData.Position at NumberOfLaps increment,2.0
ANT,12,18,3.0,0 days 03:04:00.407000,0 days 02:54:20.938000,TimingData.Position at NumberOfLaps increment,3.0
HAD,6,18,4.0,0 days 03:04:05.704000,0 days 02:39:50.892000,TimingData.Position at NumberOfLaps increment,4.0
LAW,30,18,5.0,0 days 03:04:13.954000,0 days 02:39:50.892000,TimingData.Position at NumberOfLaps increment,5.0
OCO,31,18,6.0,0 days 03:04:15.219000,0 days 02:39:24.267000,TimingData.Position at NumberOfLaps increment,6.0
LIN,41,18,7.0,0 days 03:04:16.110000,0 days 02:46:34.347000,TimingData.Position at NumberOfLaps increment,7.0
PIA,81,18,8.0,0 days 03:04:16.501000,0 days 02:57:08.796000,TimingData.Position at NumberOfLaps increment,8.0
HAM,44,18,9.0,0 days 03:04:17.188000,0 days 02:59:32.017000,TimingData.Position at NumberOfLaps increment,9.0
HUL,27,18,10.0,0 days 03:04:18.126000,0 days 02:59:32.017000,TimingData.Position at NumberOfLaps increment,10.0
NOR,1,18,11.0,0 days 03:04:19.141000,0 days 02:59:10.962000,TimingData.Position at NumberOfLaps increment,11.0
LEC,16,18,12.0,0 days 03:04:19.344000,0 days 02:59:24.877000,TimingData.Position at NumberOfLaps increment,17.0
STR,18,18,13.0,0 days 03:04:24.141000,0 days 02:59:24.877000,TimingData.Position at NumberOfLaps increment,12.0
ALO,14,18,14.0,0 days 03:04:27.969000,0 days 03:01:00.849000,TimingData.Position at NumberOfLaps increment,13.0
SAI,55,18,15.0,0 days 03:04:31.813000,0 days 03:03:13.652000,TimingData.Position at NumberOfLaps increment,14.0
GAS,10,18,16.0,0 days 03:04:35.141000,0 days 03:04:35.032000,TimingData.Position at NumberOfLaps increment,15.0
BEA,87,18,17.0,0 days 03:04:36.719000,0 days 03:04:36.516000,TimingData.Position at NumberOfLaps increment,16.0
PER,11,18,18.0,0 days 03:04:41.141000,0 days 03:04:36.516000,TimingData.Position at NumberOfLaps increment,18.0
COL,43,18,19.0,0 days 03:04:43.423000,0 days 03:01:22.177000,TimingData.Position at NumberOfLaps increment,19.0
ALB,23,18,20.0,0 days 03:04:53.579000,0 days 03:01:22.177000,TimingData.Position at NumberOfLaps increment,20.0
BOR,5,18,21.0,0 days 03:04:54.173000,0 days 02:59:38.551000,TimingData.Position at NumberOfLaps increment,21.0
VER,3,19,1.0,0 days 03:05:37.470000,0 days 02:54:06.542000,TimingData.Position at NumberOfLaps increment,1.0
RUS,63,19,2.0,0 days 03:05:40.954000,0 days 02:54:20.938000,TimingData.Position at NumberOfLaps increment,2.0
ANT,12,19,3.0,0 days 03:05:41.907000,0 days 02:54:20.938000,TimingData.Position at NumberOfLaps increment,3.0
HAD,6,19,4.0,0 days 03:05:47.688000,0 days 02:39:50.892000,TimingData.Position at NumberOfLaps increment,4.0
LAW,30,19,5.0,0 days 03:05:57.220000,0 days 02:39:50.892000,TimingData.Position at NumberOfLaps increment,5.0
OCO,31,19,6.0,0 days 03:05:58.298000,0 days 02:39:24.267000,TimingData.Position at NumberOfLaps increment,6.0
HAM,44,19,7.0,0 days 03:05:59.423000,0 days 03:05:51.845000,TimingData.Position at NumberOfLaps increment,7.0
LIN,41,19,8.0,0 days 03:05:59.595000,0 days 03:05:51.845000,TimingData.Position at NumberOfLaps increment,8.0
PIA,81,19,9.0,0 days 03:06:00.407000,0 days 03:04:42.219000,TimingData.Position at NumberOfLaps increment,9.0
HUL,27,19,10.0,0 days 03:06:01.157000,0 days 02:59:32.017000,TimingData.Position at NumberOfLaps increment,10.0
NOR,1,19,11.0,0 days 03:06:01.782000,0 days 02:59:10.962000,TimingData.Position at NumberOfLaps increment,11.0
LEC,16,19,12.0,0 days 03:06:02.282000,0 days 02:59:24.877000,TimingData.Position at NumberOfLaps increment,17.0
STR,18,19,13.0,0 days 03:06:08.610000,0 days 02:59:24.877000,TimingData.Position at NumberOfLaps increment,12.0
ALO,14,19,14.0,0 days 03:06:10.985000,0 days 03:01:00.849000,TimingData.Position at NumberOfLaps increment,13.0
SAI,55,19,15.0,0 days 03:06:15.579000,0 days 03:03:13.652000,TimingData.Position at NumberOfLaps increment,14.0
GAS,10,19,16.0,0 days 03:06:18.267000,0 days 03:04:35.032000,TimingData.Position at NumberOfLaps increment,15.0
BEA,87,19,17.0,0 days 03:06:19.923000,0 days 03:04:36.516000,TimingData.Position at NumberOfLaps increment,16.0
COL,43,19,18.0,0 days 03:06:25.813000,0 days 03:04:47.516000,TimingData.Position at NumberOfLaps increment,18.0
ALB,23,19,19.0,0 days 03:06:36.424000,0 days 03:04:57.766000,TimingData.Position at NumberOfLaps increment,19.0
BOR,5,19,20.0,0 days 03:06:37.251000,0 days 03:04:58.454000,TimingData.Position at NumberOfLaps increment,20.0
PER,11,19,21.0,0 days 03:06:46.017000,0 days 03:04:58.454000,TimingData.Position at NumberOfLaps increment,21.0
VER,3,20,1.0,0 days 03:07:18.579000,0 days 02:54:06.542000,TimingData.Position at NumberOfLaps increment,1.0
RUS,63,20,2.0,0 days 03:07:22.829000,0 days 02:54:20.938000,TimingData.Position at NumberOfLaps increment,2.0
ANT,12,20,3.0,0 days 03:07:23.407000,0 days 02:54:20.938000,TimingData.Position at NumberOfLaps increment,3.0
HAD,6,20,4.0,0 days 03:07:29.829000,0 days 02:39:50.892000,TimingData.Position at NumberOfLaps increment,4.0
LAW,30,20,5.0,0 days 03:07:40.657000,0 days 02:39:50.892000,TimingData.Position at NumberOfLaps increment,5.0
HAM,44,20,6.0,0 days 03:07:41.673000,0 days 03:07:34.220000,TimingData.Position at NumberOfLaps increment,6.0
OCO,31,20,7.0,0 days 03:07:42.064000,0 days 03:07:34.220000,TimingData.Position at NumberOfLaps increment,7.0
LIN,41,20,8.0,0 days 03:07:44.142000,0 days 03:05:51.845000,TimingData.Position at NumberOfLaps increment,8.0
PIA,81,20,9.0,0 days 03:07:44.595000,0 days 03:04:42.219000,TimingData.Position at NumberOfLaps increment,9.0
HUL,27,20,10.0,0 days 03:07:44.970000,0 days 02:59:32.017000,TimingData.Position at NumberOfLaps increment,10.0
NOR,1,20,11.0,0 days 03:07:45.361000,0 days 02:59:10.962000,TimingData.Position at NumberOfLaps increment,11.0
LEC,16,20,12.0,0 days 03:07:45.814000,0 days 02:59:24.877000,TimingData.Position at NumberOfLaps increment,17.0
STR,18,20,13.0,0 days 03:07:51.751000,0 days 02:59:24.877000,TimingData.Position at NumberOfLaps increment,12.0
ALO,14,20,14.0,0 days 03:07:54.283000,0 days 03:01:00.849000,TimingData.Position at NumberOfLaps increment,13.0
SAI,55,20,15.0,0 days 03:07:59.064000,0 days 03:03:13.652000,TimingData.Position at NumberOfLaps increment,14.0
GAS,10,20,16.0,0 days 03:08:01.220000,0 days 03:04:35.032000,TimingData.Position at NumberOfLaps increment,15.0
BEA,87,20,17.0,0 days 03:08:03.079000,0 days 03:04:36.516000,TimingData.Position at NumberOfLaps increment,16.0
COL,43,20,18.0,0 days 03:08:08.736000,0 days 03:04:47.516000,TimingData.Position at NumberOfLaps increment,18.0
ALB,23,20,19.0,0 days 03:08:19.845000,0 days 03:04:57.766000,TimingData.Position at NumberOfLaps increment,19.0
BOR,5,20,20.0,0 days 03:08:20.876000,0 days 03:04:58.454000,TimingData.Position at NumberOfLaps increment,20.0
PER,11,20,21.0,0 days 03:08:28.689000,0 days 03:04:58.454000,TimingData.Position at NumberOfLaps increment,21.0
VER,3,21,1.0,0 days 03:08:59.689000,0 days 02:54:06.542000,TimingData.Position at NumberOfLaps increment,1.0
ANT,12,21,2.0,0 days 03:09:04.705000,0 days 03:07:54.470000,TimingData.Position at NumberOfLaps increment,2.0
RUS,63,21,3.0,0 days 03:09:05.486000,0 days 03:07:54.470000,TimingData.Position at NumberOfLaps increment,3.0
HAD,6,21,4.0,0 days 03:09:12.314000,0 days 02:39:50.892000,TimingData.Position at NumberOfLaps increment,4.0
LAW,30,21,5.0,0 days 03:09:23.783000,0 days 02:39:50.892000,TimingData.Position at NumberOfLaps increment,5.0
HAM,44,21,6.0,0 days 03:09:24.236000,0 days 03:07:34.220000,TimingData.Position at NumberOfLaps increment,6.0
OCO,31,21,7.0,0 days 03:09:25.330000,0 days 03:07:34.220000,TimingData.Position at NumberOfLaps increment,7.0
LIN,41,21,8.0,0 days 03:09:27.392000,0 days 03:05:51.845000,TimingData.Position at NumberOfLaps increment,8.0
PIA,81,21,9.0,0 days 03:09:28.392000,0 days 03:04:42.219000,TimingData.Position at NumberOfLaps increment,9.0
HUL,27,21,10.0,0 days 03:09:28.658000,0 days 02:59:32.017000,TimingData.Position at NumberOfLaps increment,10.0
LEC,16,21,11.0,0 days 03:09:29.080000,0 days 03:08:17.642000,TimingData.Position at NumberOfLaps increment,17.0
NOR,1,21,12.0,0 days 03:09:29.798000,0 days 03:08:17.642000,TimingData.Position at NumberOfLaps increment,11.0
STR,18,21,13.0,0 days 03:09:35.243000,0 days 02:59:24.877000,TimingData.Position at NumberOfLaps increment,12.0
ALO,14,21,14.0,0 days 03:09:37.490000,0 days 03:01:00.849000,TimingData.Position at NumberOfLaps increment,13.0
SAI,55,21,15.0,0 days 03:09:42.384000,0 days 03:03:13.652000,TimingData.Position at NumberOfLaps increment,14.0
GAS,10,21,16.0,0 days 03:09:44.494000,0 days 03:04:35.032000,TimingData.Position at NumberOfLaps increment,15.0
BEA,87,21,17.0,0 days 03:09:46.587000,0 days 03:04:36.516000,TimingData.Position at NumberOfLaps increment,16.0
COL,43,21,18.0,0 days 03:09:52.025000,0 days 03:04:47.516000,TimingData.Position at NumberOfLaps increment,18.0
ALB,23,21,19.0,0 days 03:10:03.328000,0 days 03:04:57.766000,TimingData.Position at NumberOfLaps increment,19.0
BOR,5,21,20.0,0 days 03:10:04.196000,0 days 03:04:58.454000,TimingData.Position at NumberOfLaps increment,20.0
PER,11,21,21.0,0 days 03:10:19.883000,0 days 03:04:58.454000,TimingData.Position at NumberOfLaps increment,21.0
VER,3,22,1.0,0 days 03:10:41.024000,0 days 02:54:06.542000,TimingData.Position at NumberOfLaps increment,1.0
ANT,12,22,2.0,0 days 03:10:46.320000,0 days 03:07:54.470000,TimingData.Position at NumberOfLaps increment,2.0
RUS,63,22,3.0,0 days 03:10:47.680000,0 days 03:07:54.470000,TimingData.Position at NumberOfLaps increment,3.0
HAD,6,22,4.0,0 days 03:10:54.483000,0 days 02:39:50.892000,TimingData.Position at NumberOfLaps increment,4.0
HAM,44,22,5.0,0 days 03:11:05.974000,0 days 03:09:36.114000,TimingData.Position at NumberOfLaps increment,5.0
LAW,30,22,6.0,0 days 03:11:08.333000,0 days 03:09:36.114000,TimingData.Position at NumberOfLaps increment,6.0
OCO,31,22,7.0,0 days 03:11:08.989000,0 days 03:07:34.220000,TimingData.Position at NumberOfLaps increment,7.0
LIN,41,22,8.0,0 days 03:11:11.099000,0 days 03:05:51.845000,TimingData.Position at NumberOfLaps increment,8.0
PIA,81,22,9.0,0 days 03:11:11.724000,0 days 03:04:42.219000,TimingData.Position at NumberOfLaps increment,9.0
HUL,27,22,10.0,0 days 03:11:12.802000,0 days 02:59:32.017000,TimingData.Position at NumberOfLaps increment,10.0
LEC,16,22,11.0,0 days 03:11:13.103000,0 days 03:08:17.642000,TimingData.Position at NumberOfLaps increment,17.0
NOR,1,22,12.0,0 days 03:11:13.410000,0 days 03:08:17.642000,TimingData.Position at NumberOfLaps increment,11.0
STR,18,22,13.0,0 days 03:11:18.965000,0 days 02:59:24.877000,TimingData.Position at NumberOfLaps increment,12.0
ALO,14,22,14.0,0 days 03:11:20.980000,0 days 03:01:00.849000,TimingData.Position at NumberOfLaps increment,13.0
SAI,55,22,15.0,0 days 03:11:26.293000,0 days 03:03:13.652000,TimingData.Position at NumberOfLaps increment,14.0
GAS,10,22,16.0,0 days 03:11:28.339000,0 days 03:04:35.032000,TimingData.Position at NumberOfLaps increment,15.0
BEA,87,22,17.0,0 days 03:11:30.621000,0 days 03:04:36.516000,TimingData.Position at NumberOfLaps increment,16.0
COL,43,22,18.0,0 days 03:11:35.261000,0 days 03:04:47.516000,TimingData.Position at NumberOfLaps increment,18.0
ALB,23,22,19.0,0 days 03:11:47.043000,0 days 03:04:57.766000,TimingData.Position at NumberOfLaps increment,19.0
BOR,5,22,20.0,0 days 03:11:47.714000,0 days 03:04:58.454000,TimingData.Position at NumberOfLaps increment,20.0
VER,3,23,1.0,0 days 03:12:22.386000,0 days 02:54:06.542000,TimingData.Position at NumberOfLaps increment,1.0
PER,11,22,21.0,0 days 03:12:25.215000,0 days 03:04:58.454000,TimingData.Position at NumberOfLaps increment,21.0
ANT,12,23,2.0,0 days 03:12:28.012000,0 days 03:07:54.470000,TimingData.Position at NumberOfLaps increment,2.0
RUS,63,23,3.0,0 days 03:12:30.012000,0 days 03:07:54.470000,TimingData.Position at NumberOfLaps increment,3.0
HAD,6,23,4.0,0 days 03:12:36.967000,0 days 02:39:50.892000,TimingData.Position at NumberOfLaps increment,4.0
HAM,44,23,5.0,0 days 03:12:48.280000,0 days 03:09:36.114000,TimingData.Position at NumberOfLaps increment,5.0
LAW,30,23,6.0,0 days 03:12:51.717000,0 days 03:09:36.114000,TimingData.Position at NumberOfLaps increment,6.0
OCO,31,23,7.0,0 days 03:12:52.733000,0 days 03:07:34.220000,TimingData.Position at NumberOfLaps increment,7.0
PIA,81,23,8.0,0 days 03:12:55.139000,0 days 03:12:47.733000,TimingData.Position at NumberOfLaps increment,8.0
LIN,41,23,9.0,0 days 03:12:55.624000,0 days 03:12:47.733000,TimingData.Position at NumberOfLaps increment,9.0
LEC,16,23,10.0,0 days 03:12:55.967000,0 days 03:11:19.214000,TimingData.Position at NumberOfLaps increment,17.0
NOR,1,23,11.0,0 days 03:12:56.842000,0 days 03:11:38.918000,TimingData.Position at NumberOfLaps increment,10.0
HUL,27,23,12.0,0 days 03:12:58.077000,0 days 03:11:38.918000,TimingData.Position at NumberOfLaps increment,11.0
STR,18,23,13.0,0 days 03:13:02.654000,0 days 02:59:24.877000,TimingData.Position at NumberOfLaps increment,12.0
ALO,14,23,14.0,0 days 03:13:04.233000,0 days 03:01:00.849000,TimingData.Position at NumberOfLaps increment,13.0
SAI,55,23,15.0,0 days 03:13:10.769000,0 days 03:03:13.652000,TimingData.Position at NumberOfLaps increment,14.0
GAS,10,23,16.0,0 days 03:13:12.160000,0 days 03:04:35.032000,TimingData.Position at NumberOfLaps increment,15.0
BEA,87,23,17.0,0 days 03:13:14.144000,0 days 03:04:36.516000,TimingData.Position at NumberOfLaps increment,16.0
COL,43,23,18.0,0 days 03:13:18.707000,0 days 03:04:47.516000,TimingData.Position at NumberOfLaps increment,18.0
ALB,23,23,19.0,0 days 03:13:30.894000,0 days 03:04:57.766000,TimingData.Position at NumberOfLaps increment,19.0
BOR,5,23,20.0,0 days 03:13:31.722000,0 days 03:04:58.454000,TimingData.Position at NumberOfLaps increment,20.0
VER,3,24,1.0,0 days 03:14:03.661000,0 days 02:54:06.542000,TimingData.Position at NumberOfLaps increment,1.0
PER,11,23,21.0,0 days 03:14:08.031000,0 days 03:04:58.454000,TimingData.Position at NumberOfLaps increment,21.0
ANT,12,24,2.0,0 days 03:14:11.311000,0 days 03:07:54.470000,TimingData.Position at NumberOfLaps increment,2.0
RUS,63,24,3.0,0 days 03:14:12.444000,0 days 03:07:54.470000,TimingData.Position at NumberOfLaps increment,3.0
HAD,6,24,4.0,0 days 03:14:19.408000,0 days 02:39:50.892000,TimingData.Position at NumberOfLaps increment,4.0
HAM,44,24,5.0,0 days 03:14:30.733000,0 days 03:09:36.114000,TimingData.Position at NumberOfLaps increment,5.0
LAW,30,24,6.0,0 days 03:14:35.275000,0 days 03:09:36.114000,TimingData.Position at NumberOfLaps increment,6.0
OCO,31,24,7.0,0 days 03:14:36.511000,0 days 03:07:34.220000,TimingData.Position at NumberOfLaps increment,7.0
PIA,81,24,8.0,0 days 03:14:38.696000,0 days 03:13:07.363000,TimingData.Position at NumberOfLaps increment,8.0
LEC,16,24,9.0,0 days 03:14:38.938000,0 days 03:13:21.285000,TimingData.Position at NumberOfLaps increment,16.0
LIN,41,24,10.0,0 days 03:14:41.043000,0 days 03:13:21.285000,TimingData.Position at NumberOfLaps increment,9.0
NOR,1,24,11.0,0 days 03:14:41.128000,0 days 03:11:38.918000,TimingData.Position at NumberOfLaps increment,10.0
HUL,27,24,12.0,0 days 03:14:41.939000,0 days 03:11:38.918000,TimingData.Position at NumberOfLaps increment,11.0
STR,18,24,13.0,0 days 03:14:46.204000,0 days 02:59:24.877000,TimingData.Position at NumberOfLaps increment,12.0
ALO,14,24,14.0,0 days 03:14:47.982000,0 days 03:01:00.849000,TimingData.Position at NumberOfLaps increment,13.0
SAI,55,24,15.0,0 days 03:14:54.552000,0 days 03:03:13.652000,TimingData.Position at NumberOfLaps increment,14.0
GAS,10,24,16.0,0 days 03:14:56.192000,0 days 03:04:35.032000,TimingData.Position at NumberOfLaps increment,15.0
COL,43,24,17.0,0 days 03:15:02.051000,0 days 03:15:01.910000,TimingData.Position at NumberOfLaps increment,17.0
BEA,87,24,18.0,0 days 03:15:04.473000,0 days 03:15:01.910000,TimingData.Position at NumberOfLaps increment,18.0
ALB,23,24,19.0,0 days 03:15:14.850000,0 days 03:04:57.766000,TimingData.Position at NumberOfLaps increment,19.0
BOR,5,24,20.0,0 days 03:15:15.785000,0 days 03:04:58.454000,TimingData.Position at NumberOfLaps increment,20.0
VER,3,25,1.0,0 days 03:15:45.316000,0 days 02:54:06.542000,TimingData.Position at NumberOfLaps increment,1.0
PER,11,24,21.0,0 days 03:15:51.113000,0 days 03:04:58.454000,TimingData.Position at NumberOfLaps increment,21.0
ANT,12,25,2.0,0 days 03:15:53.301000,0 days 03:07:54.470000,TimingData.Position at NumberOfLaps increment,2.0
RUS,63,25,3.0,0 days 03:15:55.113000,0 days 03:07:54.470000,TimingData.Position at NumberOfLaps increment,3.0
HAD,6,25,4.0,0 days 03:16:02.223000,0 days 02:39:50.892000,TimingData.Position at NumberOfLaps increment,4.0
HAM,44,25,5.0,0 days 03:16:12.426000,0 days 03:09:36.114000,TimingData.Position at NumberOfLaps increment,5.0
LAW,30,25,6.0,0 days 03:16:19.317000,0 days 03:09:36.114000,TimingData.Position at NumberOfLaps increment,6.0
OCO,31,25,7.0,0 days 03:16:20.473000,0 days 03:07:34.220000,TimingData.Position at NumberOfLaps increment,7.0
PIA,81,25,8.0,0 days 03:16:21.676000,0 days 03:13:07.363000,TimingData.Position at NumberOfLaps increment,8.0
LEC,16,25,9.0,0 days 03:16:22.145000,0 days 03:13:21.285000,TimingData.Position at NumberOfLaps increment,15.0
NOR,1,25,10.0,0 days 03:16:23.738000,0 days 03:14:45.064000,TimingData.Position at NumberOfLaps increment,9.0
LIN,41,25,11.0,0 days 03:16:25.817000,0 days 03:14:45.064000,TimingData.Position at NumberOfLaps increment,10.0
HUL,27,25,12.0,0 days 03:16:26.535000,0 days 03:11:38.918000,TimingData.Position at NumberOfLaps increment,11.0
STR,18,25,13.0,0 days 03:16:30.098000,0 days 02:59:24.877000,TimingData.Position at NumberOfLaps increment,12.0
ALO,14,25,14.0,0 days 03:16:31.614000,0 days 03:01:00.849000,TimingData.Position at NumberOfLaps increment,13.0
SAI,55,25,15.0,0 days 03:16:38.801000,0 days 03:03:13.652000,TimingData.Position at NumberOfLaps increment,14.0
COL,43,25,16.0,0 days 03:16:45.707000,0 days 03:16:45.551000,TimingData.Position at NumberOfLaps increment,16.0
GAS,10,25,17.0,0 days 03:16:46.910000,0 days 03:16:45.551000,TimingData.Position at NumberOfLaps increment,17.0
ALB,23,25,18.0,0 days 03:16:58.853000,0 days 03:15:19.019000,TimingData.Position at NumberOfLaps increment,18.0
BOR,5,25,19.0,0 days 03:16:59.931000,0 days 03:15:19.988000,TimingData.Position at NumberOfLaps increment,19.0
BEA,87,25,20.0,0 days 03:17:07.509000,0 days 03:15:19.988000,TimingData.Position at NumberOfLaps increment,20.0
VER,3,26,1.0,0 days 03:17:27.056000,0 days 02:54:06.542000,TimingData.Position at NumberOfLaps increment,1.0
ANT,12,26,2.0,0 days 03:17:35.431000,0 days 03:07:54.470000,TimingData.Position at NumberOfLaps increment,2.0
RUS,63,26,3.0,0 days 03:17:37.837000,0 days 03:07:54.470000,TimingData.Position at NumberOfLaps increment,3.0
PER,11,25,21.0,0 days 03:17:38.666000,0 days 03:04:58.454000,TimingData.Position at NumberOfLaps increment,21.0
HAD,6,26,4.0,0 days 03:17:45.117000,0 days 02:39:50.892000,TimingData.Position at NumberOfLaps increment,4.0
HAM,44,26,5.0,0 days 03:17:54.602000,0 days 03:09:36.114000,TimingData.Position at NumberOfLaps increment,5.0
LAW,30,26,6.0,0 days 03:18:03.337000,0 days 03:09:36.114000,TimingData.Position at NumberOfLaps increment,6.0
OCO,31,26,7.0,0 days 03:18:04.400000,0 days 03:07:34.220000,TimingData.Position at NumberOfLaps increment,7.0
PIA,81,26,8.0,0 days 03:18:04.759000,0 days 03:13:07.363000,TimingData.Position at NumberOfLaps increment,8.0
LEC,16,26,9.0,0 days 03:18:05.478000,0 days 03:13:21.285000,TimingData.Position at NumberOfLaps increment,14.0
NOR,1,26,10.0,0 days 03:18:06.603000,0 days 03:14:45.064000,TimingData.Position at NumberOfLaps increment,9.0
LIN,41,26,11.0,0 days 03:18:10.290000,0 days 03:14:45.064000,TimingData.Position at NumberOfLaps increment,10.0
HUL,27,26,12.0,0 days 03:18:11.009000,0 days 03:11:38.918000,TimingData.Position at NumberOfLaps increment,11.0
STR,18,26,13.0,0 days 03:18:13.837000,0 days 02:59:24.877000,TimingData.Position at NumberOfLaps increment,12.0
ALO,14,26,14.0,0 days 03:18:15.243000,0 days 03:01:00.849000,TimingData.Position at NumberOfLaps increment,13.0
COL,43,26,15.0,0 days 03:18:28.965000,0 days 03:18:28.790000,TimingData.Position at NumberOfLaps increment,15.0
SAI,55,26,16.0,0 days 03:18:30.212000,0 days 03:18:28.790000,TimingData.Position at NumberOfLaps increment,16.0
ALB,23,26,17.0,0 days 03:18:42.993000,0 days 03:17:03.197000,TimingData.Position at NumberOfLaps increment,17.0
BOR,5,26,18.0,0 days 03:18:43.806000,0 days 03:17:04.150000,TimingData.Position at NumberOfLaps increment,18.0
BEA,87,26,19.0,0 days 03:18:48.415000,0 days 03:17:38.228000,TimingData.Position at NumberOfLaps increment,19.0
GAS,10,26,20.0,0 days 03:18:48.915000,0 days 03:17:38.228000,TimingData.Position at NumberOfLaps increment,20.0
VER,3,27,1.0,0 days 03:19:08.728000,0 days 02:54:06.542000,TimingData.Position at NumberOfLaps increment,1.0
ANT,12,27,2.0,0 days 03:19:17.228000,0 days 03:07:54.470000,TimingData.Position at NumberOfLaps increment,2.0
RUS,63,27,3.0,0 days 03:19:20.822000,0 days 03:07:54.470000,TimingData.Position at NumberOfLaps increment,3.0
PER,11,26,21.0,0 days 03:19:22.775000,0 days 03:04:58.454000,TimingData.Position at NumberOfLaps increment,21.0
HAD,6,27,4.0,0 days 03:19:28.052000,0 days 02:39:50.892000,TimingData.Position at NumberOfLaps increment,4.0
HAM,44,27,5.0,0 days 03:19:36.612000,0 days 03:09:36.114000,TimingData.Position at NumberOfLaps increment,5.0
LAW,30,27,6.0,0 days 03:19:46.965000,0 days 03:09:36.114000,TimingData.Position at NumberOfLaps increment,6.0
PIA,81,27,7.0,0 days 03:19:47.939000,0 days 03:18:10.884000,TimingData.Position at NumberOfLaps increment,7.0
OCO,31,27,8.0,0 days 03:19:49.235000,0 days 03:18:10.884000,TimingData.Position at NumberOfLaps increment,8.0
LEC,16,27,9.0,0 days 03:19:49.578000,0 days 03:13:21.285000,TimingData.Position at NumberOfLaps increment,14.0
NOR,1,27,10.0,0 days 03:19:49.892000,0 days 03:14:45.064000,TimingData.Position at NumberOfLaps increment,9.0
LIN,41,27,11.0,0 days 03:19:54.574000,0 days 03:14:45.064000,TimingData.Position at NumberOfLaps increment,10.0
HUL,27,27,12.0,0 days 03:19:55.120000,0 days 03:11:38.918000,TimingData.Position at NumberOfLaps increment,11.0
STR,18,27,13.0,0 days 03:19:57.734000,0 days 02:59:24.877000,TimingData.Position at NumberOfLaps increment,12.0
ALO,14,27,14.0,0 days 03:19:58.857000,0 days 03:01:00.849000,TimingData.Position at NumberOfLaps increment,13.0
COL,43,27,15.0,0 days 03:20:12.446000,0 days 03:18:28.790000,TimingData.Position at NumberOfLaps increment,15.0
ALB,23,27,16.0,0 days 03:20:27.437000,0 days 03:18:47.228000,TimingData.Position at NumberOfLaps increment,16.0
BOR,5,27,17.0,0 days 03:20:27.882000,0 days 03:18:47.993000,TimingData.Position at NumberOfLaps increment,17.0
BEA,87,27,18.0,0 days 03:20:30.739000,0 days 03:19:01.025000,TimingData.Position at NumberOfLaps increment,18.0
GAS,10,27,19.0,0 days 03:20:31.555000,0 days 03:19:01.025000,TimingData.Position at NumberOfLaps increment,19.0
SAI,55,27,20.0,0 days 03:20:32.680000,0 days 03:18:54.931000,TimingData.Position at NumberOfLaps increment,20.0
VER,3,28,1.0,0 days 03:20:50.693000,0 days 02:54:06.542000,TimingData.Position at NumberOfLaps increment,1.0
ANT,12,28,2.0,0 days 03:20:59.377000,0 days 03:07:54.470000,TimingData.Position at NumberOfLaps increment,2.0
RUS,63,28,3.0,0 days 03:21:03.533000,0 days 03:07:54.470000,TimingData.Position at NumberOfLaps increment,3.0
PER,11,27,21.0,0 days 03:21:07.091000,0 days 03:04:58.454000,TimingData.Position at NumberOfLaps increment,21.0
HAD,6,28,4.0,0 days 03:21:11.182000,0 days 02:39:50.892000,TimingData.Position at NumberOfLaps increment,4.0
HAM,44,28,5.0,0 days 03:21:18.885000,0 days 03:09:36.114000,TimingData.Position at NumberOfLaps increment,5.0
LAW,30,28,6.0,0 days 03:21:30.854000,0 days 03:09:36.114000,TimingData.Position at NumberOfLaps increment,6.0
PIA,81,28,7.0,0 days 03:21:31.510000,0 days 03:18:10.884000,TimingData.Position at NumberOfLaps increment,7.0
NOR,1,28,8.0,0 days 03:21:33.964000,0 days 03:21:33.838000,TimingData.Position at NumberOfLaps increment,8.0
OCO,31,28,9.0,0 days 03:21:34.291000,0 days 03:21:34.135000,TimingData.Position at NumberOfLaps increment,9.0
LEC,16,28,10.0,0 days 03:21:39.353000,0 days 03:21:34.135000,TimingData.Position at NumberOfLaps increment,15.0
HUL,27,28,11.0,0 days 03:21:39.760000,0 days 03:21:39.525000,TimingData.Position at NumberOfLaps increment,10.0
ALO,14,28,12.0,0 days 03:21:42.494000,0 days 03:21:42.400000,TimingData.Position at NumberOfLaps increment,11.0
LIN,41,28,13.0,0 days 03:21:45.354000,0 days 03:21:42.400000,TimingData.Position at NumberOfLaps increment,12.0
STR,18,28,14.0,0 days 03:21:48.526000,0 days 03:21:42.400000,TimingData.Position at NumberOfLaps increment,13.0
COL,43,28,15.0,0 days 03:21:55.963000,0 days 03:18:28.790000,TimingData.Position at NumberOfLaps increment,14.0
ALB,23,28,16.0,0 days 03:22:12.088000,0 days 03:18:47.228000,TimingData.Position at NumberOfLaps increment,16.0
BOR,5,28,17.0,0 days 03:22:12.729000,0 days 03:18:47.993000,TimingData.Position at NumberOfLaps increment,17.0
BEA,87,28,18.0,0 days 03:22:13.322000,0 days 03:19:01.025000,TimingData.Position at NumberOfLaps increment,18.0
GAS,10,28,19.0,0 days 03:22:13.525000,0 days 03:19:01.025000,TimingData.Position at NumberOfLaps increment,19.0
SAI,55,28,20.0,0 days 03:22:14.447000,0 days 03:18:54.931000,TimingData.Position at NumberOfLaps increment,20.0
VER,3,29,1.0,0 days 03:22:32.494000,0 days 02:54:06.542000,TimingData.Position at NumberOfLaps increment,1.0
ANT,12,29,2.0,0 days 03:22:41.535000,0 days 03:07:54.470000,TimingData.Position at NumberOfLaps increment,2.0
RUS,63,29,3.0,0 days 03:22:46.097000,0 days 03:07:54.470000,TimingData.Position at NumberOfLaps increment,3.0
PER,11,28,21.0,0 days 03:22:51.631000,0 days 03:04:58.454000,TimingData.Position at NumberOfLaps increment,21.0
HAD,6,29,4.0,0 days 03:22:54.545000,0 days 02:39:50.892000,TimingData.Position at NumberOfLaps increment,4.0
HAM,44,29,5.0,0 days 03:23:01.161000,0 days 03:09:36.114000,TimingData.Position at NumberOfLaps increment,5.0
LAW,30,29,6.0,0 days 03:23:14.958000,0 days 03:23:14.755000,TimingData.Position at NumberOfLaps increment,6.0
PIA,81,29,7.0,0 days 03:23:15.161000,0 days 03:23:14.755000,TimingData.Position at NumberOfLaps increment,7.0
NOR,1,29,8.0,0 days 03:23:17.099000,0 days 03:21:33.838000,TimingData.Position at NumberOfLaps increment,8.0
HUL,27,29,9.0,0 days 03:23:23.864000,0 days 03:23:23.724000,TimingData.Position at NumberOfLaps increment,9.0
OCO,31,29,10.0,0 days 03:23:26.614000,0 days 03:23:23.724000,TimingData.Position at NumberOfLaps increment,10.0
ALO,14,29,11.0,0 days 03:23:26.630000,0 days 03:21:46.900000,TimingData.Position at NumberOfLaps increment,11.0
COL,43,29,12.0,0 days 03:23:39.849000,0 days 03:22:00.010000,TimingData.Position at NumberOfLaps increment,12.0
LEC,16,29,13.0,0 days 03:23:40.802000,0 days 03:22:00.010000,TimingData.Position at NumberOfLaps increment,19.0
LIN,41,29,14.0,0 days 03:23:47.146000,0 days 03:22:00.010000,TimingData.Position at NumberOfLaps increment,13.0
STR,18,29,15.0,0 days 03:23:50.302000,0 days 03:22:00.010000,TimingData.Position at NumberOfLaps increment,14.0
BEA,87,29,16.0,0 days 03:23:56.911000,0 days 03:23:13.630000,TimingData.Position at NumberOfLaps increment,15.0
GAS,10,29,17.0,0 days 03:23:58.177000,0 days 03:23:58.021000,TimingData.Position at NumberOfLaps increment,16.0
BOR,5,29,18.0,0 days 03:23:58.630000,0 days 03:23:58.458000,TimingData.Position at NumberOfLaps increment,17.0
SAI,55,29,19.0,0 days 03:23:58.708000,0 days 03:23:58.552000,TimingData.Position at NumberOfLaps increment,18.0
ALB,23,29,20.0,0 days 03:24:04.974000,0 days 03:23:58.552000,TimingData.Position at NumberOfLaps increment,20.0
VER,3,30,1.0,0 days 03:24:14.458000,0 days 02:54:06.542000,TimingData.Position at NumberOfLaps increment,1.0
ANT,12,30,2.0,0 days 03:24:24.005000,0 days 03:07:54.470000,TimingData.Position at NumberOfLaps increment,2.0
RUS,63,30,3.0,0 days 03:24:28.802000,0 days 03:07:54.470000,TimingData.Position at NumberOfLaps increment,3.0
PER,11,29,21.0,0 days 03:24:36.505000,0 days 03:04:58.454000,TimingData.Position at NumberOfLaps increment,21.0
HAD,6,30,4.0,0 days 03:24:38.443000,0 days 02:39:50.892000,TimingData.Position at NumberOfLaps increment,4.0
HAM,44,30,5.0,0 days 03:24:43.576000,0 days 03:09:36.114000,TimingData.Position at NumberOfLaps increment,5.0
PIA,81,30,6.0,0 days 03:24:59.214000,0 days 03:23:19.145000,TimingData.Position at NumberOfLaps increment,6.0
NOR,1,30,7.0,0 days 03:25:00.636000,0 days 03:25:00.495000,TimingData.Position at NumberOfLaps increment,7.0
LAW,30,30,8.0,0 days 03:25:07.386000,0 days 03:25:00.495000,TimingData.Position at NumberOfLaps increment,8.0
HUL,27,30,9.0,0 days 03:25:08.401000,0 days 03:23:23.724000,TimingData.Position at NumberOfLaps increment,9.0
ALO,14,30,10.0,0 days 03:25:10.339000,0 days 03:23:30.739000,TimingData.Position at NumberOfLaps increment,10.0
LEC,16,30,11.0,0 days 03:25:22.542000,0 days 03:24:35.255000,TimingData.Position at NumberOfLaps increment,18.0
COL,43,30,12.0,0 days 03:25:24.604000,0 days 03:24:35.255000,TimingData.Position at NumberOfLaps increment,11.0
LIN,41,30,13.0,0 days 03:25:28.917000,0 days 03:23:53.489000,TimingData.Position at NumberOfLaps increment,12.0
OCO,31,30,14.0,0 days 03:25:29.464000,0 days 03:23:53.489000,TimingData.Position at NumberOfLaps increment,13.0
STR,18,30,15.0,0 days 03:25:32.620000,0 days 03:22:00.010000,TimingData.Position at NumberOfLaps increment,14.0
BEA,87,30,16.0,0 days 03:25:39.479000,0 days 03:23:13.630000,TimingData.Position at NumberOfLaps increment,15.0
GAS,10,30,17.0,0 days 03:25:40.604000,0 days 03:23:58.021000,TimingData.Position at NumberOfLaps increment,16.0
SAI,55,30,18.0,0 days 03:25:41.589000,0 days 03:24:02.677000,TimingData.Position at NumberOfLaps increment,17.0
BOR,5,30,19.0,0 days 03:25:43.979000,0 days 03:24:02.677000,TimingData.Position at NumberOfLaps increment,19.0
VER,3,31,1.0,0 days 03:25:56.495000,0 days 02:54:06.542000,TimingData.Position at NumberOfLaps increment,1.0
ANT,12,31,2.0,0 days 03:26:06.401000,0 days 03:07:54.470000,TimingData.Position at NumberOfLaps increment,2.0
ALB,23,30,20.0,0 days 03:26:08.214000,0 days 03:23:58.552000,TimingData.Position at NumberOfLaps increment,20.0
RUS,63,31,3.0,0 days 03:26:11.933000,0 days 03:07:54.470000,TimingData.Position at NumberOfLaps increment,3.0
PER,11,30,21.0,0 days 03:26:21.214000,0 days 03:04:58.454000,TimingData.Position at NumberOfLaps increment,21.0
HAD,6,31,4.0,0 days 03:26:28.948000,0 days 02:39:50.892000,TimingData.Position at NumberOfLaps increment,4.0
HAM,44,31,5.0,0 days 03:26:32.480000,0 days 03:09:36.114000,TimingData.Position at NumberOfLaps increment,5.0
PIA,81,31,6.0,0 days 03:26:42.511000,0 days 03:23:19.145000,TimingData.Position at NumberOfLaps increment,6.0
NOR,1,31,7.0,0 days 03:26:43.808000,0 days 03:25:00.495000,TimingData.Position at NumberOfLaps increment,7.0
HUL,27,31,8.0,0 days 03:26:52.542000,0 days 03:25:12.682000,TimingData.Position at NumberOfLaps increment,8.0
ALO,14,31,9.0,0 days 03:26:59.870000,0 days 03:25:14.667000,TimingData.Position at NumberOfLaps increment,9.0
LEC,16,31,10.0,0 days 03:27:03.495000,0 days 03:25:26.839000,TimingData.Position at NumberOfLaps increment,16.0
LAW,30,31,11.0,0 days 03:27:08.917000,0 days 03:27:08.745000,TimingData.Position at NumberOfLaps increment,10.0
LIN,41,31,12.0,0 days 03:27:11.636000,0 days 03:27:11.402000,TimingData.Position at NumberOfLaps increment,11.0
OCO,31,31,13.0,0 days 03:27:11.823000,0 days 03:27:11.667000,TimingData.Position at NumberOfLaps increment,12.0
STR,18,31,14.0,0 days 03:27:14.948000,0 days 03:27:14.792000,TimingData.Position at NumberOfLaps increment,13.0
COL,43,31,15.0,0 days 03:27:15.417000,0 days 03:27:14.792000,TimingData.Position at NumberOfLaps increment,14.0
BEA,87,31,16.0,0 days 03:27:22.236000,0 days 03:23:13.630000,TimingData.Position at NumberOfLaps increment,15.0
GAS,10,31,17.0,0 days 03:27:23.236000,0 days 03:23:58.021000,TimingData.Position at NumberOfLaps increment,17.0
SAI,55,31,18.0,0 days 03:27:24.626000,0 days 03:24:02.677000,TimingData.Position at NumberOfLaps increment,18.0
BOR,5,31,19.0,0 days 03:27:28.470000,0 days 03:24:02.677000,TimingData.Position at NumberOfLaps increment,19.0
VER,3,32,1.0,0 days 03:27:38.705000,0 days 02:54:06.542000,TimingData.Position at NumberOfLaps increment,1.0
ANT,12,32,2.0,0 days 03:27:48.878000,0 days 03:07:54.470000,TimingData.Position at NumberOfLaps increment,2.0
ALB,23,31,20.0,0 days 03:27:50.436000,0 days 03:23:58.552000,TimingData.Position at NumberOfLaps increment,20.0
RUS,63,32,3.0,0 days 03:28:01.257000,0 days 03:07:54.470000,TimingData.Position at NumberOfLaps increment,3.0
PER,11,31,21.0,0 days 03:28:06.036000,0 days 03:04:58.454000,TimingData.Position at NumberOfLaps increment,21.0
PIA,81,32,4.0,0 days 03:28:25.646000,0 days 03:26:46.636000,TimingData.Position at NumberOfLaps increment,4.0
NOR,1,32,5.0,0 days 03:28:27.036000,0 days 03:26:47.855000,TimingData.Position at NumberOfLaps increment,5.0
HAD,6,32,6.0,0 days 03:28:31.612000,0 days 03:26:47.855000,TimingData.Position at NumberOfLaps increment,6.0
HAM,44,32,7.0,0 days 03:28:33.294000,0 days 03:26:47.855000,TimingData.Position at NumberOfLaps increment,7.0
HUL,27,32,8.0,0 days 03:28:43.255000,0 days 03:25:12.682000,TimingData.Position at NumberOfLaps increment,8.0
LEC,16,32,9.0,0 days 03:28:44.708000,0 days 03:27:07.777000,TimingData.Position at NumberOfLaps increment,14.0
LAW,30,32,10.0,0 days 03:28:50.192000,0 days 03:27:13.042000,TimingData.Position at NumberOfLaps increment,9.0
OCO,31,32,11.0,0 days 03:28:55.442000,0 days 03:27:34.251000,TimingData.Position at NumberOfLaps increment,10.0
LIN,41,32,12.0,0 days 03:28:55.630000,0 days 03:27:34.251000,TimingData.Position at NumberOfLaps increment,11.0
STR,18,32,13.0,0 days 03:28:57.880000,0 days 03:27:19.215000,TimingData.Position at NumberOfLaps increment,12.0
ALO,14,32,14.0,0 days 03:29:00.927000,0 days 03:27:19.215000,TimingData.Position at NumberOfLaps increment,13.0
BEA,87,32,15.0,0 days 03:29:05.364000,0 days 03:27:26.392000,TimingData.Position at NumberOfLaps increment,15.0
GAS,10,32,16.0,0 days 03:29:06.489000,0 days 03:27:27.314000,TimingData.Position at NumberOfLaps increment,16.0
SAI,55,32,17.0,0 days 03:29:08.646000,0 days 03:27:28.658000,TimingData.Position at NumberOfLaps increment,17.0
BOR,5,32,18.0,0 days 03:29:13.548000,0 days 03:27:32.689000,TimingData.Position at NumberOfLaps increment,18.0
COL,43,32,19.0,0 days 03:29:16.971000,0 days 03:27:32.689000,TimingData.Position at NumberOfLaps increment,19.0
VER,3,33,1.0,0 days 03:29:27.658000,0 days 02:54:06.542000,TimingData.Position at NumberOfLaps increment,1.0
ALB,23,32,20.0,0 days 03:29:33.452000,0 days 03:23:58.552000,TimingData.Position at NumberOfLaps increment,20.0
ANT,12,33,2.0,0 days 03:29:37.898000,0 days 03:07:54.470000,TimingData.Position at NumberOfLaps increment,2.0
PER,11,32,21.0,0 days 03:29:51.312000,0 days 03:04:58.454000,TimingData.Position at NumberOfLaps increment,21.0
RUS,63,33,3.0,0 days 03:30:02.127000,0 days 03:07:54.470000,TimingData.Position at NumberOfLaps increment,3.0
NOR,1,33,4.0,0 days 03:30:10.268000,0 days 03:30:10.158000,TimingData.Position at NumberOfLaps increment,4.0
HAD,6,33,5.0,0 days 03:30:12.158000,0 days 03:30:11.986000,TimingData.Position at NumberOfLaps increment,5.0
HAM,44,33,6.0,0 days 03:30:13.455000,0 days 03:30:13.205000,TimingData.Position at NumberOfLaps increment,6.0
PIA,81,33,7.0,0 days 03:30:14.799000,0 days 03:30:13.205000,TimingData.Position at NumberOfLaps increment,7.0
LEC,16,33,8.0,0 days 03:30:25.789000,0 days 03:28:49.005000,TimingData.Position at NumberOfLaps increment,14.0
LAW,30,33,9.0,0 days 03:30:32.158000,0 days 03:28:54.489000,TimingData.Position at NumberOfLaps increment,8.0
LIN,41,33,10.0,0 days 03:30:38.498000,0 days 03:29:01.927000,TimingData.Position at NumberOfLaps increment,9.0
OCO,31,33,11.0,0 days 03:30:39.277000,0 days 03:29:01.927000,TimingData.Position at NumberOfLaps increment,10.0
STR,18,33,12.0,0 days 03:30:40.859000,0 days 03:29:02.146000,TimingData.Position at NumberOfLaps increment,11.0
ALO,14,33,13.0,0 days 03:30:42.302000,0 days 03:29:07.458000,TimingData.Position at NumberOfLaps increment,12.0
HUL,27,33,14.0,0 days 03:30:45.248000,0 days 03:29:07.458000,TimingData.Position at NumberOfLaps increment,13.0
BEA,87,33,15.0,0 days 03:30:48.460000,0 days 03:27:26.392000,TimingData.Position at NumberOfLaps increment,15.0
GAS,10,33,16.0,0 days 03:30:49.805000,0 days 03:27:27.314000,TimingData.Position at NumberOfLaps increment,16.0
SAI,55,33,17.0,0 days 03:30:51.790000,0 days 03:27:28.658000,TimingData.Position at NumberOfLaps increment,17.0
COL,43,33,18.0,0 days 03:30:57.965000,0 days 03:30:50.547000,TimingData.Position at NumberOfLaps increment,18.0
BOR,5,33,19.0,0 days 03:30:58.604000,0 days 03:30:50.547000,TimingData.Position at NumberOfLaps increment,19.0
ALB,23,33,20.0,0 days 03:31:16.194000,0 days 03:23:58.552000,TimingData.Position at NumberOfLaps increment,20.0
VER,3,34,1.0,0 days 03:31:29.046000,0 days 02:54:06.542000,TimingData.Position at NumberOfLaps increment,1.0
PER,11,33,21.0,0 days 03:31:36.342000,0 days 03:04:58.454000,TimingData.Position at NumberOfLaps increment,21.0
ANT,12,34,2.0,0 days 03:31:39.818000,0 days 03:07:54.470000,TimingData.Position at NumberOfLaps increment,2.0
RUS,63,34,3.0,0 days 03:31:42.781000,0 days 03:07:54.470000,TimingData.Position at NumberOfLaps increment,3.0
HAD,6,34,4.0,0 days 03:31:53.466000,0 days 03:31:53.284000,TimingData.Position at NumberOfLaps increment,4.0
HAM,44,34,5.0,0 days 03:31:54.023000,0 days 03:31:53.842000,TimingData.Position at NumberOfLaps increment,5.0
NOR,1,34,6.0,0 days 03:31:59.865000,0 days 03:31:53.842000,TimingData.Position at NumberOfLaps increment,6.0
LEC,16,34,7.0,0 days 03:32:07.074000,0 days 03:30:30.041000,TimingData.Position at NumberOfLaps increment,13.0
LAW,30,34,8.0,0 days 03:32:13.985000,0 days 03:30:38.657000,TimingData.Position at NumberOfLaps increment,7.0
PIA,81,34,9.0,0 days 03:32:15.408000,0 days 03:30:38.657000,TimingData.Position at NumberOfLaps increment,8.0
LIN,41,34,10.0,0 days 03:32:21.334000,0 days 03:29:01.927000,TimingData.Position at NumberOfLaps increment,9.0
OCO,31,34,11.0,0 days 03:32:22.166000,0 days 03:29:01.927000,TimingData.Position at NumberOfLaps increment,10.0
STR,18,34,12.0,0 days 03:32:23.394000,0 days 03:29:02.146000,TimingData.Position at NumberOfLaps increment,11.0
ALO,14,34,13.0,0 days 03:32:24.057000,0 days 03:29:07.458000,TimingData.Position at NumberOfLaps increment,12.0
HUL,27,34,14.0,0 days 03:32:27.496000,0 days 03:29:07.458000,TimingData.Position at NumberOfLaps increment,14.0
BEA,87,34,15.0,0 days 03:32:31.211000,0 days 03:27:26.392000,TimingData.Position at NumberOfLaps increment,15.0
GAS,10,34,16.0,0 days 03:32:33.080000,0 days 03:27:27.314000,TimingData.Position at NumberOfLaps increment,16.0
SAI,55,34,17.0,0 days 03:32:35.247000,0 days 03:27:28.658000,TimingData.Position at NumberOfLaps increment,17.0
COL,43,34,18.0,0 days 03:32:39.128000,0 days 03:30:50.547000,TimingData.Position at NumberOfLaps increment,18.0
BOR,5,34,19.0,0 days 03:32:49.025000,0 days 03:30:50.547000,TimingData.Position at NumberOfLaps increment,19.0
ALB,23,34,20.0,0 days 03:32:58.715000,0 days 03:23:58.552000,TimingData.Position at NumberOfLaps increment,20.0
VER,3,35,1.0,0 days 03:33:09.815000,0 days 02:54:06.542000,TimingData.Position at NumberOfLaps increment,1.0
ANT,12,35,2.0,0 days 03:33:20.194000,0 days 03:07:54.470000,TimingData.Position at NumberOfLaps increment,2.0
PER,11,34,21.0,0 days 03:33:23.557000,0 days 03:04:58.454000,TimingData.Position at NumberOfLaps increment,21.0
RUS,63,35,3.0,0 days 03:33:23.849000,0 days 03:07:54.470000,TimingData.Position at NumberOfLaps increment,3.0
HAD,6,35,4.0,0 days 03:33:33.771000,0 days 03:31:53.284000,TimingData.Position at NumberOfLaps increment,4.0
HAM,44,35,5.0,0 days 03:33:35.444000,0 days 03:31:53.842000,TimingData.Position at NumberOfLaps increment,5.0
LEC,16,35,6.0,0 days 03:33:48.280000,0 days 03:32:11.384000,TimingData.Position at NumberOfLaps increment,13.0
PIA,81,35,7.0,0 days 03:33:55.837000,0 days 03:33:48.517000,TimingData.Position at NumberOfLaps increment,6.0
LAW,30,35,8.0,0 days 03:33:56.047000,0 days 03:33:48.517000,TimingData.Position at NumberOfLaps increment,7.0
NOR,1,35,9.0,0 days 03:34:01.725000,0 days 03:32:19.447000,TimingData.Position at NumberOfLaps increment,8.0
LIN,41,35,10.0,0 days 03:34:04.442000,0 days 03:29:01.927000,TimingData.Position at NumberOfLaps increment,9.0
OCO,31,35,11.0,0 days 03:34:05.426000,0 days 03:29:01.927000,TimingData.Position at NumberOfLaps increment,10.0
ALO,14,35,12.0,0 days 03:34:05.770000,0 days 03:32:55.247000,TimingData.Position at NumberOfLaps increment,11.0
STR,18,35,13.0,0 days 03:34:07.106000,0 days 03:32:55.247000,TimingData.Position at NumberOfLaps increment,12.0
HUL,27,35,14.0,0 days 03:34:09.344000,0 days 03:29:07.458000,TimingData.Position at NumberOfLaps increment,14.0
BEA,87,35,15.0,0 days 03:34:14.495000,0 days 03:27:26.392000,TimingData.Position at NumberOfLaps increment,15.0
GAS,10,35,16.0,0 days 03:34:16.358000,0 days 03:27:27.314000,TimingData.Position at NumberOfLaps increment,16.0
SAI,55,35,17.0,0 days 03:34:18.685000,0 days 03:27:28.658000,TimingData.Position at NumberOfLaps increment,17.0
COL,43,35,18.0,0 days 03:34:21.290000,0 days 03:30:50.547000,TimingData.Position at NumberOfLaps increment,18.0
ALB,23,35,19.0,0 days 03:34:42.458000,0 days 03:33:02.847000,TimingData.Position at NumberOfLaps increment,19.0
VER,3,36,1.0,0 days 03:34:50.116000,0 days 02:54:06.542000,TimingData.Position at NumberOfLaps increment,1.0
ANT,12,36,2.0,0 days 03:35:00.942000,0 days 03:07:54.470000,TimingData.Position at NumberOfLaps increment,2.0
RUS,63,36,3.0,0 days 03:35:04.848000,0 days 03:07:54.470000,TimingData.Position at NumberOfLaps increment,3.0
PER,11,35,20.0,0 days 03:35:09.940000,0 days 03:33:28.142000,TimingData.Position at NumberOfLaps increment,20.0
HAD,6,36,4.0,0 days 03:35:15.317000,0 days 03:31:53.284000,TimingData.Position at NumberOfLaps increment,4.0
HAM,44,36,5.0,0 days 03:35:16.558000,0 days 03:31:53.842000,TimingData.Position at NumberOfLaps increment,5.0
BOR,5,35,21.0,0 days 03:35:17.753000,0 days 03:33:28.142000,TimingData.Position at NumberOfLaps increment,21.0
LEC,16,36,6.0,0 days 03:35:29.747000,0 days 03:32:11.384000,TimingData.Position at NumberOfLaps increment,11.0
PIA,81,36,7.0,0 days 03:35:36.325000,0 days 03:33:48.517000,TimingData.Position at NumberOfLaps increment,6.0
LAW,30,36,8.0,0 days 03:35:38.698000,0 days 03:33:48.517000,TimingData.Position at NumberOfLaps increment,7.0
NOR,1,36,9.0,0 days 03:35:42.378000,0 days 03:32:19.447000,TimingData.Position at NumberOfLaps increment,8.0
LIN,41,36,10.0,0 days 03:35:47.347000,0 days 03:29:01.927000,TimingData.Position at NumberOfLaps increment,9.0
ALO,14,36,11.0,0 days 03:35:48.280000,0 days 03:34:37.537000,TimingData.Position at NumberOfLaps increment,10.0
OCO,31,36,12.0,0 days 03:35:49.585000,0 days 03:34:37.537000,TimingData.Position at NumberOfLaps increment,12.0
STR,18,36,13.0,0 days 03:35:50.317000,0 days 03:32:55.247000,TimingData.Position at NumberOfLaps increment,13.0
HUL,27,36,14.0,0 days 03:35:51.312000,0 days 03:29:07.458000,TimingData.Position at NumberOfLaps increment,14.0
BEA,87,36,15.0,0 days 03:35:57.859000,0 days 03:27:26.392000,TimingData.Position at NumberOfLaps increment,15.0
GAS,10,36,16.0,0 days 03:35:59.785000,0 days 03:27:27.314000,TimingData.Position at NumberOfLaps increment,16.0
SAI,55,36,17.0,0 days 03:36:02.683000,0 days 03:27:28.658000,TimingData.Position at NumberOfLaps increment,17.0
COL,43,36,18.0,0 days 03:36:03.371000,0 days 03:30:50.547000,TimingData.Position at NumberOfLaps increment,18.0
ALB,23,36,19.0,0 days 03:36:25.558000,0 days 03:33:02.847000,TimingData.Position at NumberOfLaps increment,19.0
VER,3,37,1.0,0 days 03:36:30.722000,0 days 02:54:06.542000,TimingData.Position at NumberOfLaps increment,1.0
ANT,12,37,2.0,0 days 03:36:41.459000,0 days 03:07:54.470000,TimingData.Position at NumberOfLaps increment,2.0
RUS,63,37,3.0,0 days 03:36:45.546000,0 days 03:07:54.470000,TimingData.Position at NumberOfLaps increment,3.0
PER,11,36,20.0,0 days 03:36:55.727000,0 days 03:33:28.142000,TimingData.Position at NumberOfLaps increment,20.0
HAD,6,37,4.0,0 days 03:36:56.633000,0 days 03:31:53.284000,TimingData.Position at NumberOfLaps increment,4.0
HAM,44,37,5.0,0 days 03:36:58.070000,0 days 03:31:53.842000,TimingData.Position at NumberOfLaps increment,5.0
BOR,5,36,21.0,0 days 03:36:59.149000,0 days 03:33:28.142000,TimingData.Position at NumberOfLaps increment,21.0
LEC,16,37,6.0,0 days 03:37:11.124000,0 days 03:32:11.384000,TimingData.Position at NumberOfLaps increment,10.0
PIA,81,37,7.0,0 days 03:37:16.687000,0 days 03:33:48.517000,TimingData.Position at NumberOfLaps increment,6.0
LAW,30,37,8.0,0 days 03:37:20.914000,0 days 03:33:48.517000,TimingData.Position at NumberOfLaps increment,7.0
NOR,1,37,9.0,0 days 03:37:23.049000,0 days 03:32:19.447000,TimingData.Position at NumberOfLaps increment,8.0
LIN,41,37,10.0,0 days 03:37:30.310000,0 days 03:29:01.927000,TimingData.Position at NumberOfLaps increment,9.0
ALO,14,37,11.0,0 days 03:37:30.997000,0 days 03:34:37.537000,TimingData.Position at NumberOfLaps increment,11.0
OCO,31,37,12.0,0 days 03:37:33.092000,0 days 03:34:37.537000,TimingData.Position at NumberOfLaps increment,12.0
STR,18,37,13.0,0 days 03:37:33.497000,0 days 03:32:55.247000,TimingData.Position at NumberOfLaps increment,13.0
HUL,27,37,14.0,0 days 03:37:33.700000,0 days 03:29:07.458000,TimingData.Position at NumberOfLaps increment,14.0
BEA,87,37,15.0,0 days 03:37:40.996000,0 days 03:27:26.392000,TimingData.Position at NumberOfLaps increment,15.0
COL,43,37,16.0,0 days 03:37:46.701000,0 days 03:37:46.515000,TimingData.Position at NumberOfLaps increment,16.0
SAI,55,37,17.0,0 days 03:37:47.196000,0 days 03:37:47.038000,TimingData.Position at NumberOfLaps increment,17.0
GAS,10,37,18.0,0 days 03:37:49.381000,0 days 03:37:47.038000,TimingData.Position at NumberOfLaps increment,18.0
ALB,23,37,19.0,0 days 03:38:08.690000,0 days 03:33:02.847000,TimingData.Position at NumberOfLaps increment,19.0
VER,3,38,1.0,0 days 03:38:11.612000,0 days 02:54:06.542000,TimingData.Position at NumberOfLaps increment,1.0
ANT,12,38,2.0,0 days 03:38:22.216000,0 days 03:07:54.470000,TimingData.Position at NumberOfLaps increment,2.0
RUS,63,38,3.0,0 days 03:38:26.488000,0 days 03:07:54.470000,TimingData.Position at NumberOfLaps increment,3.0
HAD,6,38,4.0,0 days 03:38:38.024000,0 days 03:31:53.284000,TimingData.Position at NumberOfLaps increment,4.0
HAM,44,38,5.0,0 days 03:38:39.077000,0 days 03:31:53.842000,TimingData.Position at NumberOfLaps increment,5.0
BOR,5,37,20.0,0 days 03:38:42.629000,0 days 03:38:09.534000,TimingData.Position at NumberOfLaps increment,20.0
PER,11,37,21.0,0 days 03:38:45.337000,0 days 03:38:09.534000,TimingData.Position at NumberOfLaps increment,21.0
LEC,16,38,6.0,0 days 03:38:53.210000,0 days 03:32:11.384000,TimingData.Position at NumberOfLaps increment,9.0
PIA,81,38,7.0,0 days 03:38:57.251000,0 days 03:33:48.517000,TimingData.Position at NumberOfLaps increment,6.0
LAW,30,38,8.0,0 days 03:39:03.394000,0 days 03:33:48.517000,TimingData.Position at NumberOfLaps increment,7.0
NOR,1,38,9.0,0 days 03:39:03.691000,0 days 03:32:19.447000,TimingData.Position at NumberOfLaps increment,8.0
LIN,41,38,10.0,0 days 03:39:13.249000,0 days 03:29:01.927000,TimingData.Position at NumberOfLaps increment,10.0
ALO,14,38,11.0,0 days 03:39:13.621000,0 days 03:34:37.537000,TimingData.Position at NumberOfLaps increment,11.0
HUL,27,38,12.0,0 days 03:39:15.359000,0 days 03:38:05.268000,TimingData.Position at NumberOfLaps increment,12.0
OCO,31,38,13.0,0 days 03:39:17.579000,0 days 03:38:05.268000,TimingData.Position at NumberOfLaps increment,13.0
STR,18,38,14.0,0 days 03:39:18.258000,0 days 03:37:59.243000,TimingData.Position at NumberOfLaps increment,14.0
COL,43,38,15.0,0 days 03:39:29.163000,0 days 03:39:29.053000,TimingData.Position at NumberOfLaps increment,15.0
BEA,87,38,16.0,0 days 03:39:30.643000,0 days 03:39:29.053000,TimingData.Position at NumberOfLaps increment,16.0
SAI,55,38,17.0,0 days 03:39:31.350000,0 days 03:37:47.038000,TimingData.Position at NumberOfLaps increment,17.0
VER,3,39,1.0,0 days 03:39:52.690000,0 days 02:54:06.542000,TimingData.Position at NumberOfLaps increment,1.0
GAS,10,38,18.0,0 days 03:39:53.565000,0 days 03:39:53.331000,TimingData.Position at NumberOfLaps increment,18.0
ALB,23,38,19.0,0 days 03:39:53.706000,0 days 03:39:53.331000,TimingData.Position at NumberOfLaps increment,19.0
ANT,12,39,2.0,0 days 03:40:03.019000,0 days 03:07:54.470000,TimingData.Position at NumberOfLaps increment,2.0
RUS,63,39,3.0,0 days 03:40:07.691000,0 days 03:07:54.470000,TimingData.Position at NumberOfLaps increment,3.0
HAD,6,39,4.0,0 days 03:40:19.738000,0 days 03:31:53.284000,TimingData.Position at NumberOfLaps increment,4.0
HAM,44,39,5.0,0 days 03:40:20.387000,0 days 03:31:53.842000,TimingData.Position at NumberOfLaps increment,5.0
BOR,5,38,20.0,0 days 03:40:24.597000,0 days 03:38:09.534000,TimingData.Position at NumberOfLaps increment,20.0
PER,11,38,21.0,0 days 03:40:31.380000,0 days 03:38:09.534000,TimingData.Position at NumberOfLaps increment,21.0
LEC,16,39,6.0,0 days 03:40:34.148000,0 days 03:32:11.384000,TimingData.Position at NumberOfLaps increment,9.0
PIA,81,39,7.0,0 days 03:40:38.027000,0 days 03:33:48.517000,TimingData.Position at NumberOfLaps increment,6.0
NOR,1,39,8.0,0 days 03:40:44.379000,0 days 03:39:15.611000,TimingData.Position at NumberOfLaps increment,7.0
LAW,30,39,9.0,0 days 03:40:46.616000,0 days 03:39:15.611000,TimingData.Position at NumberOfLaps increment,8.0
LIN,41,39,10.0,0 days 03:40:56.146000,0 days 03:29:01.927000,TimingData.Position at NumberOfLaps increment,10.0
ALO,14,39,11.0,0 days 03:40:56.479000,0 days 03:34:37.537000,TimingData.Position at NumberOfLaps increment,11.0
HUL,27,39,12.0,0 days 03:40:58.381000,0 days 03:38:05.268000,TimingData.Position at NumberOfLaps increment,12.0
OCO,31,39,13.0,0 days 03:41:01.005000,0 days 03:38:05.268000,TimingData.Position at NumberOfLaps increment,13.0
STR,18,39,14.0,0 days 03:41:01.755000,0 days 03:37:59.243000,TimingData.Position at NumberOfLaps increment,14.0
COL,43,39,15.0,0 days 03:41:11.497000,0 days 03:39:29.053000,TimingData.Position at NumberOfLaps increment,15.0
SAI,55,39,16.0,0 days 03:41:15.232000,0 days 03:39:35.486000,TimingData.Position at NumberOfLaps increment,16.0
BEA,87,39,17.0,0 days 03:41:30.313000,0 days 03:39:35.486000,TimingData.Position at NumberOfLaps increment,17.0
VER,3,40,1.0,0 days 03:41:33.484000,0 days 02:54:06.542000,TimingData.Position at NumberOfLaps increment,1.0
GAS,10,39,18.0,0 days 03:41:35.390000,0 days 03:39:53.331000,TimingData.Position at NumberOfLaps increment,18.0
ALB,23,39,19.0,0 days 03:41:38.086000,0 days 03:39:53.331000,TimingData.Position at NumberOfLaps increment,19.0
ANT,12,40,2.0,0 days 03:41:44.401000,0 days 03:07:54.470000,TimingData.Position at NumberOfLaps increment,2.0
RUS,63,40,3.0,0 days 03:41:49.161000,0 days 03:07:54.470000,TimingData.Position at NumberOfLaps increment,3.0
HAD,6,40,4.0,0 days 03:42:00.886000,0 days 03:31:53.284000,TimingData.Position at NumberOfLaps increment,4.0
HAM,44,40,5.0,0 days 03:42:02.048000,0 days 03:31:53.842000,TimingData.Position at NumberOfLaps increment,5.0
BOR,5,39,20.0,0 days 03:42:06.300000,0 days 03:38:09.534000,TimingData.Position at NumberOfLaps increment,20.0
LEC,16,40,6.0,0 days 03:42:16.048000,0 days 03:32:11.384000,TimingData.Position at NumberOfLaps increment,9.0
PIA,81,40,7.0,0 days 03:42:18.859000,0 days 03:33:48.517000,TimingData.Position at NumberOfLaps increment,6.0
NOR,1,40,8.0,0 days 03:42:25.457000,0 days 03:39:15.611000,TimingData.Position at NumberOfLaps increment,7.0
PER,11,39,21.0,0 days 03:42:26.359000,0 days 03:38:09.534000,TimingData.Position at NumberOfLaps increment,21.0
LAW,30,40,9.0,0 days 03:42:29.323000,0 days 03:39:15.611000,TimingData.Position at NumberOfLaps increment,8.0
ALO,14,40,10.0,0 days 03:42:38.776000,0 days 03:41:08.537000,TimingData.Position at NumberOfLaps increment,10.0
LIN,41,40,11.0,0 days 03:42:40.515000,0 days 03:41:08.537000,TimingData.Position at NumberOfLaps increment,11.0
HUL,27,40,12.0,0 days 03:42:40.843000,0 days 03:38:05.268000,TimingData.Position at NumberOfLaps increment,12.0
OCO,31,40,13.0,0 days 03:42:44.660000,0 days 03:38:05.268000,TimingData.Position at NumberOfLaps increment,13.0
STR,18,40,14.0,0 days 03:42:45.300000,0 days 03:37:59.243000,TimingData.Position at NumberOfLaps increment,14.0
COL,43,40,15.0,0 days 03:42:53.633000,0 days 03:39:29.053000,TimingData.Position at NumberOfLaps increment,15.0
SAI,55,40,16.0,0 days 03:42:59.116000,0 days 03:39:35.486000,TimingData.Position at NumberOfLaps increment,16.0
BEA,87,40,17.0,0 days 03:43:10.697000,0 days 03:39:35.486000,TimingData.Position at NumberOfLaps increment,17.0
VER,3,41,1.0,0 days 03:43:14.404000,0 days 02:54:06.542000,TimingData.Position at NumberOfLaps increment,1.0
GAS,10,40,18.0,0 days 03:43:16.860000,0 days 03:39:53.331000,TimingData.Position at NumberOfLaps increment,18.0
ALB,23,40,19.0,0 days 03:43:21.756000,0 days 03:39:53.331000,TimingData.Position at NumberOfLaps increment,19.0
ANT,12,41,2.0,0 days 03:43:25.553000,0 days 03:07:54.470000,TimingData.Position at NumberOfLaps increment,2.0
RUS,63,41,3.0,0 days 03:43:30.615000,0 days 03:07:54.470000,TimingData.Position at NumberOfLaps increment,3.0
HAD,6,41,4.0,0 days 03:43:42.678000,0 days 03:31:53.284000,TimingData.Position at NumberOfLaps increment,4.0
HAM,44,41,5.0,0 days 03:43:43.506000,0 days 03:31:53.842000,TimingData.Position at NumberOfLaps increment,5.0
BOR,5,40,20.0,0 days 03:43:47.975000,0 days 03:38:09.534000,TimingData.Position at NumberOfLaps increment,20.0
LEC,16,41,6.0,0 days 03:43:57.959000,0 days 03:32:11.384000,TimingData.Position at NumberOfLaps increment,9.0
PIA,81,41,7.0,0 days 03:43:59.815000,0 days 03:33:48.517000,TimingData.Position at NumberOfLaps increment,6.0
NOR,1,41,8.0,0 days 03:44:06.444000,0 days 03:39:15.611000,TimingData.Position at NumberOfLaps increment,7.0
LAW,30,41,9.0,0 days 03:44:11.865000,0 days 03:39:15.611000,TimingData.Position at NumberOfLaps increment,8.0
ALO,14,41,10.0,0 days 03:44:21.800000,0 days 03:41:08.537000,TimingData.Position at NumberOfLaps increment,10.0
HUL,27,41,11.0,0 days 03:44:23.149000,0 days 03:42:52.859000,TimingData.Position at NumberOfLaps increment,11.0
LIN,41,41,12.0,0 days 03:44:25.185000,0 days 03:42:52.859000,TimingData.Position at NumberOfLaps increment,12.0
STR,18,41,13.0,0 days 03:44:28.544000,0 days 03:43:17.162000,TimingData.Position at NumberOfLaps increment,13.0
PER,11,40,21.0,0 days 03:44:31.855000,0 days 03:38:09.534000,TimingData.Position at NumberOfLaps increment,21.0
OCO,31,41,14.0,0 days 03:44:36.152000,0 days 03:43:17.162000,TimingData.Position at NumberOfLaps increment,14.0
COL,43,41,15.0,0 days 03:44:36.183000,0 days 03:39:29.053000,TimingData.Position at NumberOfLaps increment,15.0
SAI,55,41,16.0,0 days 03:44:42.792000,0 days 03:39:35.486000,TimingData.Position at NumberOfLaps increment,16.0
BEA,87,41,17.0,0 days 03:44:51.514000,0 days 03:39:35.486000,TimingData.Position at NumberOfLaps increment,17.0
VER,3,42,1.0,0 days 03:44:55.371000,0 days 02:54:06.542000,TimingData.Position at NumberOfLaps increment,1.0
GAS,10,41,18.0,0 days 03:44:58.746000,0 days 03:39:53.331000,TimingData.Position at NumberOfLaps increment,18.0
ALB,23,41,19.0,0 days 03:45:06.136000,0 days 03:39:53.331000,TimingData.Position at NumberOfLaps increment,19.0
ANT,12,42,2.0,0 days 03:45:07.277000,0 days 03:07:54.470000,TimingData.Position at NumberOfLaps increment,2.0
RUS,63,42,3.0,0 days 03:45:12.199000,0 days 03:07:54.470000,TimingData.Position at NumberOfLaps increment,3.0
HAD,6,42,4.0,0 days 03:45:24.105000,0 days 03:31:53.284000,TimingData.Position at NumberOfLaps increment,4.0
HAM,44,42,5.0,0 days 03:45:24.933000,0 days 03:31:53.842000,TimingData.Position at NumberOfLaps increment,5.0
BOR,5,41,20.0,0 days 03:45:30.058000,0 days 03:38:09.534000,TimingData.Position at NumberOfLaps increment,20.0
LEC,16,42,6.0,0 days 03:45:39.683000,0 days 03:32:11.384000,TimingData.Position at NumberOfLaps increment,9.0
PIA,81,42,7.0,0 days 03:45:41.121000,0 days 03:33:48.517000,TimingData.Position at NumberOfLaps increment,6.0
NOR,1,42,8.0,0 days 03:45:47.918000,0 days 03:39:15.611000,TimingData.Position at NumberOfLaps increment,7.0
LAW,30,42,9.0,0 days 03:45:54.949000,0 days 03:39:15.611000,TimingData.Position at NumberOfLaps increment,8.0
ALO,14,42,10.0,0 days 03:46:04.636000,0 days 03:41:08.537000,TimingData.Position at NumberOfLaps increment,10.0
HUL,27,42,11.0,0 days 03:46:07.652000,0 days 03:42:52.859000,TimingData.Position at NumberOfLaps increment,11.0
LIN,41,42,12.0,0 days 03:46:12.402000,0 days 03:42:52.859000,TimingData.Position at NumberOfLaps increment,12.0
STR,18,42,13.0,0 days 03:46:15.730000,0 days 03:43:17.162000,TimingData.Position at NumberOfLaps increment,13.0
PER,11,41,21.0,0 days 03:46:19.371000,0 days 03:38:09.534000,TimingData.Position at NumberOfLaps increment,21.0
COL,43,42,14.0,0 days 03:46:29.965000,0 days 03:44:40.277000,TimingData.Position at NumberOfLaps increment,14.0
SAI,55,42,15.0,0 days 03:46:40.699000,0 days 03:44:46.839000,TimingData.Position at NumberOfLaps increment,15.0
BEA,87,42,16.0,0 days 03:46:43.605000,0 days 03:44:55.683000,TimingData.Position at NumberOfLaps increment,16.0
OCO,31,42,17.0,0 days 03:46:51.387000,0 days 03:44:55.683000,TimingData.Position at NumberOfLaps increment,17.0
VER,3,43,1.0,0 days 03:46:52.433000,0 days 02:54:06.542000,TimingData.Position at NumberOfLaps increment,1.0
GAS,10,42,18.0,0 days 03:46:53.433000,0 days 03:39:53.331000,TimingData.Position at NumberOfLaps increment,18.0
ANT,12,43,2.0,0 days 03:47:04.949000,0 days 03:07:54.470000,TimingData.Position at NumberOfLaps increment,2.0
RUS,63,43,3.0,0 days 03:47:10.777000,0 days 03:07:54.470000,TimingData.Position at NumberOfLaps increment,3.0
HAD,6,43,4.0,0 days 03:47:28.387000,0 days 03:31:53.284000,TimingData.Position at NumberOfLaps increment,4.0
HAM,44,43,5.0,0 days 03:47:34.121000,0 days 03:31:53.842000,TimingData.Position at NumberOfLaps increment,5.0
BOR,5,42,19.0,0 days 03:47:34.480000,0 days 03:45:52.777000,TimingData.Position at NumberOfLaps increment,19.0
PIA,81,43,6.0,0 days 03:47:49.496000,0 days 03:47:49.387000,TimingData.Position at NumberOfLaps increment,6.0
LEC,16,43,7.0,0 days 03:47:52.559000,0 days 03:47:49.387000,TimingData.Position at NumberOfLaps increment,9.0
NOR,1,43,8.0,0 days 03:47:57.512000,0 days 03:39:15.611000,TimingData.Position at NumberOfLaps increment,7.0
LAW,30,43,9.0,0 days 03:48:06.340000,0 days 03:39:15.611000,TimingData.Position at NumberOfLaps increment,8.0
ALO,14,43,10.0,0 days 03:48:19.668000,0 days 03:41:08.537000,TimingData.Position at NumberOfLaps increment,10.0
HUL,27,43,11.0,0 days 03:48:21.777000,0 days 03:42:52.859000,TimingData.Position at NumberOfLaps increment,11.0
LIN,41,43,12.0,0 days 03:48:30.387000,0 days 03:42:52.859000,TimingData.Position at NumberOfLaps increment,12.0
PER,11,42,20.0,0 days 03:48:32.840000,0 days 03:46:51.652000,TimingData.Position at NumberOfLaps increment,20.0
STR,18,43,13.0,0 days 03:48:33.215000,0 days 03:43:17.162000,TimingData.Position at NumberOfLaps increment,13.0
BEA,87,43,14.0,0 days 03:48:57.965000,0 days 03:46:49.762000,TimingData.Position at NumberOfLaps increment,14.0
COL,43,43,15.0,0 days 03:49:00.856000,0 days 03:46:49.762000,TimingData.Position at NumberOfLaps increment,15.0
OCO,31,43,16.0,0 days 03:49:04.825000,0 days 03:46:57.418000,TimingData.Position at NumberOfLaps increment,16.0
GAS,10,43,17.0,0 days 03:49:07.731000,0 days 03:46:59.215000,TimingData.Position at NumberOfLaps increment,17.0
ANT,12,44,1.0,0 days 03:49:21.403000,0 days 03:47:11.262000,TimingData.Position at NumberOfLaps increment,1.0
VER,3,44,2.0,0 days 03:49:23.871000,0 days 03:47:11.262000,TimingData.Position at NumberOfLaps increment,2.0
SAI,55,43,18.0,0 days 03:49:25.075000,0 days 03:46:59.215000,TimingData.Position at NumberOfLaps increment,18.0
RUS,63,44,3.0,0 days 03:49:29.512000,0 days 03:07:54.470000,TimingData.Position at NumberOfLaps increment,3.0
HAD,6,44,4.0,0 days 03:49:46.528000,0 days 03:31:53.284000,TimingData.Position at NumberOfLaps increment,4.0
BOR,5,43,19.0,0 days 03:49:49.700000,0 days 03:45:52.777000,TimingData.Position at NumberOfLaps increment,19.0
PIA,81,44,5.0,0 days 03:50:02.965000,0 days 03:47:58.809000,TimingData.Position at NumberOfLaps increment,5.0
HAM,44,44,6.0,0 days 03:50:04.138000,0 days 03:47:58.809000,TimingData.Position at NumberOfLaps increment,6.0
NOR,1,44,7.0,0 days 03:50:12.668000,0 days 03:48:03.309000,TimingData.Position at NumberOfLaps increment,7.0
LAW,30,44,8.0,0 days 03:50:21.325000,0 days 03:48:12.934000,TimingData.Position at NumberOfLaps increment,8.0
LEC,16,44,9.0,0 days 03:50:23.590000,0 days 03:48:12.934000,TimingData.Position at NumberOfLaps increment,11.0
ALO,14,44,10.0,0 days 03:50:34.279000,0 days 03:41:08.537000,TimingData.Position at NumberOfLaps increment,9.0
HUL,27,44,11.0,0 days 03:50:36.012000,0 days 03:42:52.859000,TimingData.Position at NumberOfLaps increment,10.0
PER,11,43,20.0,0 days 03:50:45.981000,0 days 03:46:51.652000,TimingData.Position at NumberOfLaps increment,20.0
LIN,41,44,12.0,0 days 03:51:01.122000,0 days 03:42:52.859000,TimingData.Position at NumberOfLaps increment,12.0
STR,18,44,13.0,0 days 03:51:05.341000,0 days 03:43:17.162000,TimingData.Position at NumberOfLaps increment,13.0
BEA,87,44,14.0,0 days 03:51:12.716000,0 days 03:46:49.762000,TimingData.Position at NumberOfLaps increment,14.0
COL,43,44,15.0,0 days 03:51:14.856000,0 days 03:46:49.762000,TimingData.Position at NumberOfLaps increment,15.0
OCO,31,44,16.0,0 days 03:51:18.841000,0 days 03:46:57.418000,TimingData.Position at NumberOfLaps increment,16.0
GAS,10,44,17.0,0 days 03:51:21.512000,0 days 03:46:59.215000,TimingData.Position at NumberOfLaps increment,17.0
VER,3,45,1.0,0 days 03:51:38.825000,0 days 03:49:30.075000,TimingData.Position at NumberOfLaps increment,1.0
SAI,55,44,18.0,0 days 03:51:40.216000,0 days 03:46:59.215000,TimingData.Position at NumberOfLaps increment,18.0
ANT,12,45,2.0,0 days 03:51:52.559000,0 days 03:49:30.075000,TimingData.Position at NumberOfLaps increment,2.0
RUS,63,45,3.0,0 days 03:52:00.169000,0 days 03:07:54.470000,TimingData.Position at NumberOfLaps increment,3.0
BOR,5,44,19.0,0 days 03:52:07.059000,0 days 03:45:52.777000,TimingData.Position at NumberOfLaps increment,19.0
HAD,6,45,4.0,0 days 03:52:18.466000,0 days 03:31:53.284000,TimingData.Position at NumberOfLaps increment,4.0
HAM,44,45,5.0,0 days 03:52:20.763000,0 days 03:52:20.544000,TimingData.Position at NumberOfLaps increment,5.0
PIA,81,45,6.0,0 days 03:52:22.376000,0 days 03:52:20.544000,TimingData.Position at NumberOfLaps increment,6.0
NOR,1,45,7.0,0 days 03:52:30.856000,0 days 03:48:03.309000,TimingData.Position at NumberOfLaps increment,7.0
LEC,16,45,8.0,0 days 03:52:37.372000,0 days 03:52:37.263000,TimingData.Position at NumberOfLaps increment,11.0
LAW,30,45,9.0,0 days 03:52:40.591000,0 days 03:52:37.263000,TimingData.Position at NumberOfLaps increment,8.0
ALO,14,45,10.0,0 days 03:52:53.528000,0 days 03:41:08.537000,TimingData.Position at NumberOfLaps increment,9.0
HUL,27,45,11.0,0 days 03:52:54.872000,0 days 03:42:52.859000,TimingData.Position at NumberOfLaps increment,10.0
PER,11,44,20.0,0 days 03:53:05.169000,0 days 03:46:51.652000,TimingData.Position at NumberOfLaps increment,20.0
LIN,41,45,12.0,0 days 03:53:15.013000,0 days 03:42:52.859000,TimingData.Position at NumberOfLaps increment,12.0
STR,18,45,13.0,0 days 03:53:18.638000,0 days 03:43:17.162000,TimingData.Position at NumberOfLaps increment,13.0
BEA,87,45,14.0,0 days 03:53:27.763000,0 days 03:46:49.762000,TimingData.Position at NumberOfLaps increment,14.0
COL,43,45,15.0,0 days 03:53:28.788000,0 days 03:46:49.762000,TimingData.Position at NumberOfLaps increment,15.0
OCO,31,45,16.0,0 days 03:53:32.366000,0 days 03:46:57.418000,TimingData.Position at NumberOfLaps increment,16.0
GAS,10,45,17.0,0 days 03:53:38.694000,0 days 03:46:59.215000,TimingData.Position at NumberOfLaps increment,17.0
VER,3,46,1.0,0 days 03:54:09.913000,0 days 03:49:30.075000,TimingData.Position at NumberOfLaps increment,1.0
SAI,55,45,18.0,0 days 03:54:10.913000,0 days 03:46:59.215000,TimingData.Position at NumberOfLaps increment,18.0
ANT,12,46,2.0,0 days 03:54:12.819000,0 days 03:49:30.075000,TimingData.Position at NumberOfLaps increment,2.0
RUS,63,46,3.0,0 days 03:54:14.710000,0 days 03:07:54.470000,TimingData.Position at NumberOfLaps increment,3.0
HAD,6,46,4.0,0 days 03:54:31.679000,0 days 03:31:53.284000,TimingData.Position at NumberOfLaps increment,4.0
HAM,44,46,5.0,0 days 03:54:32.944000,0 days 03:52:20.544000,TimingData.Position at NumberOfLaps increment,5.0
BOR,5,45,19.0,0 days 03:54:36.382000,0 days 03:45:52.777000,TimingData.Position at NumberOfLaps increment,19.0
LEC,16,46,6.0,0 days 03:54:50.026000,0 days 03:52:46.997000,TimingData.Position at NumberOfLaps increment,8.0
PIA,81,46,7.0,0 days 03:54:52.791000,0 days 03:52:46.997000,TimingData.Position at NumberOfLaps increment,6.0
NOR,1,46,8.0,0 days 03:55:01.151000,0 days 03:52:43.794000,TimingData.Position at NumberOfLaps increment,7.0
LAW,30,46,9.0,0 days 03:55:12.323000,0 days 03:52:37.263000,TimingData.Position at NumberOfLaps increment,9.0
ALO,14,46,10.0,0 days 03:55:24.533000,0 days 03:41:08.537000,TimingData.Position at NumberOfLaps increment,10.0
HUL,27,46,11.0,0 days 03:55:25.127000,0 days 03:42:52.859000,TimingData.Position at NumberOfLaps increment,11.0
LIN,41,46,12.0,0 days 03:55:27.268000,0 days 03:42:52.859000,TimingData.Position at NumberOfLaps increment,12.0
STR,18,46,13.0,0 days 03:55:30.596000,0 days 03:43:17.162000,TimingData.Position at NumberOfLaps increment,13.0
PER,11,45,20.0,0 days 03:55:38.174000,0 days 03:46:51.652000,TimingData.Position at NumberOfLaps increment,20.0
BEA,87,46,14.0,0 days 03:55:38.768000,0 days 03:46:49.762000,TimingData.Position at NumberOfLaps increment,14.0
COL,43,46,15.0,0 days 03:55:41.533000,0 days 03:46:49.762000,TimingData.Position at NumberOfLaps increment,15.0
OCO,31,46,16.0,0 days 03:55:43.408000,0 days 03:46:57.418000,TimingData.Position at NumberOfLaps increment,16.0
GAS,10,46,17.0,0 days 03:56:08.621000,0 days 03:46:59.215000,TimingData.Position at NumberOfLaps increment,17.0
SAI,55,46,18.0,0 days 03:56:35.754000,0 days 03:46:59.215000,TimingData.Position at NumberOfLaps increment,18.0
VER,3,47,1.0,0 days 03:56:36.894000,0 days 03:49:30.075000,TimingData.Position at NumberOfLaps increment,1.0
ANT,12,47,2.0,0 days 03:56:38.082000,0 days 03:49:30.075000,TimingData.Position at NumberOfLaps increment,2.0
RUS,63,47,3.0,0 days 03:56:39.769000,0 days 03:07:54.470000,TimingData.Position at NumberOfLaps increment,3.0
HAD,6,47,4.0,0 days 03:56:40.816000,0 days 03:31:53.284000,TimingData.Position at NumberOfLaps increment,4.0
BOR,5,46,19.0,0 days 03:56:41.426000,0 days 03:45:52.777000,TimingData.Position at NumberOfLaps increment,19.0
HAM,44,47,5.0,0 days 03:56:42.051000,0 days 03:52:20.544000,TimingData.Position at NumberOfLaps increment,5.0
LEC,16,47,6.0,0 days 03:56:43.926000,0 days 03:52:46.997000,TimingData.Position at NumberOfLaps increment,9.0
PIA,81,47,7.0,0 days 03:56:45.691000,0 days 03:52:46.997000,TimingData.Position at NumberOfLaps increment,6.0
NOR,1,47,8.0,0 days 03:56:52.894000,0 days 03:52:43.794000,TimingData.Position at NumberOfLaps increment,7.0
LAW,30,47,9.0,0 days 03:57:02.957000,0 days 03:52:37.263000,TimingData.Position at NumberOfLaps increment,8.0
ALO,14,47,10.0,0 days 03:57:16.707000,0 days 03:41:08.537000,TimingData.Position at NumberOfLaps increment,10.0
HUL,27,47,11.0,0 days 03:57:19.113000,0 days 03:42:52.859000,TimingData.Position at NumberOfLaps increment,11.0
LIN,41,47,12.0,0 days 03:57:20.848000,0 days 03:42:52.859000,TimingData.Position at NumberOfLaps increment,12.0
PER,11,46,20.0,0 days 03:57:24.676000,0 days 03:46:51.652000,TimingData.Position at NumberOfLaps increment,20.0
STR,18,47,13.0,0 days 03:57:26.301000,0 days 03:43:17.162000,TimingData.Position at NumberOfLaps increment,13.0
BEA,87,47,14.0,0 days 03:57:26.676000,0 days 03:46:49.762000,TimingData.Position at NumberOfLaps increment,14.0
COL,43,47,15.0,0 days 03:57:30.660000,0 days 03:46:49.762000,TimingData.Position at NumberOfLaps increment,15.0
OCO,31,47,16.0,0 days 03:57:31.301000,0 days 03:46:57.418000,TimingData.Position at NumberOfLaps increment,16.0
GAS,10,47,17.0,0 days 03:57:50.363000,0 days 03:46:59.215000,TimingData.Position at NumberOfLaps increment,17.0
SAI,55,47,18.0,0 days 03:58:18.676000,0 days 03:46:59.215000,TimingData.Position at NumberOfLaps increment,18.0
BOR,5,47,19.0,0 days 03:58:25.192000,0 days 03:45:52.777000,TimingData.Position at NumberOfLaps increment,19.0
VER,3,48,1.0,0 days 03:59:07.254000,0 days 03:49:30.075000,TimingData.Position at NumberOfLaps increment,1.0
ANT,12,48,2.0,0 days 03:59:08.410000,0 days 03:49:30.075000,TimingData.Position at NumberOfLaps increment,2.0
RUS,63,48,3.0,0 days 03:59:09.879000,0 days 03:07:54.470000,TimingData.Position at NumberOfLaps increment,3.0
HAD,6,48,4.0,0 days 03:59:11.114000,0 days 03:31:53.284000,TimingData.Position at NumberOfLaps increment,4.0
HAM,44,48,5.0,0 days 03:59:12.067000,0 days 03:52:20.544000,TimingData.Position at NumberOfLaps increment,5.0
PER,11,47,20.0,0 days 03:59:12.832000,0 days 03:46:51.652000,TimingData.Position at NumberOfLaps increment,20.0
LEC,16,48,6.0,0 days 03:59:13.926000,0 days 03:52:46.997000,TimingData.Position at NumberOfLaps increment,16.0
PIA,81,48,7.0,0 days 03:59:15.410000,0 days 03:52:46.997000,TimingData.Position at NumberOfLaps increment,6.0
NOR,1,48,8.0,0 days 03:59:17.473000,0 days 03:52:43.794000,TimingData.Position at NumberOfLaps increment,7.0
LAW,30,48,9.0,0 days 03:59:18.192000,0 days 03:52:37.263000,TimingData.Position at NumberOfLaps increment,8.0
ALO,14,48,10.0,0 days 03:59:22.239000,0 days 03:41:08.537000,TimingData.Position at NumberOfLaps increment,9.0
HUL,27,48,11.0,0 days 03:59:23.614000,0 days 03:42:52.859000,TimingData.Position at NumberOfLaps increment,10.0
LIN,41,48,12.0,0 days 03:59:24.739000,0 days 03:42:52.859000,TimingData.Position at NumberOfLaps increment,11.0
STR,18,48,13.0,0 days 03:59:26.129000,0 days 03:43:17.162000,TimingData.Position at NumberOfLaps increment,12.0
BEA,87,48,14.0,0 days 03:59:26.801000,0 days 03:46:49.762000,TimingData.Position at NumberOfLaps increment,13.0
COL,43,48,15.0,0 days 03:59:29.520000,0 days 03:46:49.762000,TimingData.Position at NumberOfLaps increment,14.0
OCO,31,48,16.0,0 days 03:59:31.020000,0 days 03:46:57.418000,TimingData.Position at NumberOfLaps increment,15.0
GAS,10,48,17.0,0 days 03:59:35.051000,0 days 03:46:59.215000,TimingData.Position at NumberOfLaps increment,17.0
SAI,55,48,18.0,0 days 04:00:00.958000,0 days 03:46:59.215000,TimingData.Position at NumberOfLaps increment,18.0
BOR,5,48,19.0,0 days 04:00:07.129000,0 days 03:45:52.777000,TimingData.Position at NumberOfLaps increment,19.0
PER,11,48,20.0,0 days 04:00:56.880000,0 days 03:46:51.652000,TimingData.Position at NumberOfLaps increment,20.0
VER,3,49,1.0,0 days 04:01:37.448000,0 days 03:49:30.075000,TimingData.Position at NumberOfLaps increment,1.0
ANT,12,49,2.0,0 days 04:01:38.011000,0 days 03:49:30.075000,TimingData.Position at NumberOfLaps increment,2.0
RUS,63,49,3.0,0 days 04:01:39.370000,0 days 03:07:54.470000,TimingData.Position at NumberOfLaps increment,3.0
HAD,6,49,4.0,0 days 04:01:40.198000,0 days 03:31:53.284000,TimingData.Position at NumberOfLaps increment,4.0
HAM,44,49,5.0,0 days 04:01:41.058000,0 days 03:52:20.544000,TimingData.Position at NumberOfLaps increment,5.0
LEC,16,49,6.0,0 days 04:01:42.230000,0 days 03:52:46.997000,TimingData.Position at NumberOfLaps increment,19.0
PIA,81,49,7.0,0 days 04:01:43.605000,0 days 03:52:46.997000,TimingData.Position at NumberOfLaps increment,6.0
NOR,1,49,8.0,0 days 04:01:46.183000,0 days 03:52:43.794000,TimingData.Position at NumberOfLaps increment,7.0
LAW,30,49,9.0,0 days 04:01:47.464000,0 days 03:52:37.263000,TimingData.Position at NumberOfLaps increment,8.0
ALO,14,49,10.0,0 days 04:01:48.824000,0 days 03:41:08.537000,TimingData.Position at NumberOfLaps increment,9.0
HUL,27,49,11.0,0 days 04:01:50.199000,0 days 03:42:52.859000,TimingData.Position at NumberOfLaps increment,10.0
LIN,41,49,12.0,0 days 04:01:51.777000,0 days 03:42:52.859000,TimingData.Position at NumberOfLaps increment,11.0
STR,18,49,13.0,0 days 04:01:53.699000,0 days 03:43:17.162000,TimingData.Position at NumberOfLaps increment,12.0
BEA,87,49,14.0,0 days 04:01:53.980000,0 days 03:46:49.762000,TimingData.Position at NumberOfLaps increment,13.0
COL,43,49,15.0,0 days 04:01:54.808000,0 days 03:46:49.762000,TimingData.Position at NumberOfLaps increment,14.0
OCO,31,49,16.0,0 days 04:01:55.870000,0 days 03:46:57.418000,TimingData.Position at NumberOfLaps increment,15.0
GAS,10,49,17.0,0 days 04:01:57.105000,0 days 03:46:59.215000,TimingData.Position at NumberOfLaps increment,16.0
SAI,55,49,18.0,0 days 04:01:58.636000,0 days 03:46:59.215000,TimingData.Position at NumberOfLaps increment,17.0
BOR,5,49,19.0,0 days 04:02:00.245000,0 days 03:45:52.777000,TimingData.Position at NumberOfLaps increment,18.0
PER,11,49,20.0,0 days 04:02:40.349000,0 days 03:46:51.652000,TimingData.Position at NumberOfLaps increment,20.0
VER,3,50,1.0,0 days 04:04:02.771000,0 days 03:49:30.075000,TimingData.Position at NumberOfLaps increment,1.0
ANT,12,50,2.0,0 days 04:04:03.568000,0 days 03:49:30.075000,TimingData.Position at NumberOfLaps increment,2.0
HAD,6,50,3.0,0 days 04:04:04.411000,0 days 04:01:50.683000,TimingData.Position at NumberOfLaps increment,3.0
HAM,44,50,4.0,0 days 04:04:04.943000,0 days 04:01:59.886000,TimingData.Position at NumberOfLaps increment,4.0
LEC,16,50,5.0,0 days 04:04:06.036000,0 days 04:02:01.464000,TimingData.Position at NumberOfLaps increment,18.0
PIA,81,50,6.0,0 days 04:04:07.864000,0 days 04:02:02.683000,TimingData.Position at NumberOfLaps increment,5.0
LAW,30,50,7.0,0 days 04:04:09.443000,0 days 04:02:04.183000,TimingData.Position at NumberOfLaps increment,6.0
ALO,14,50,8.0,0 days 04:04:10.771000,0 days 04:02:05.011000,TimingData.Position at NumberOfLaps increment,7.0
HUL,27,50,9.0,0 days 04:04:12.490000,0 days 04:02:05.574000,TimingData.Position at NumberOfLaps increment,8.0
LIN,41,50,10.0,0 days 04:04:13.646000,0 days 04:02:07.183000,TimingData.Position at NumberOfLaps increment,9.0
NOR,1,50,11.0,0 days 04:04:14.958000,0 days 04:02:21.261000,TimingData.Position at NumberOfLaps increment,10.0
STR,18,50,12.0,0 days 04:04:16.786000,0 days 04:02:21.261000,TimingData.Position at NumberOfLaps increment,11.0
BEA,87,50,13.0,0 days 04:04:17.661000,0 days 04:02:09.808000,TimingData.Position at NumberOfLaps increment,12.0
COL,43,50,14.0,0 days 04:04:18.536000,0 days 04:02:12.105000,TimingData.Position at NumberOfLaps increment,13.0
OCO,31,50,15.0,0 days 04:04:19.396000,0 days 04:02:13.120000,TimingData.Position at NumberOfLaps increment,14.0
GAS,10,50,16.0,0 days 04:04:20.521000,0 days 04:02:14.933000,TimingData.Position at NumberOfLaps increment,15.0
SAI,55,50,17.0,0 days 04:04:21.833000,0 days 04:02:15.917000,TimingData.Position at NumberOfLaps increment,16.0
BOR,5,50,18.0,0 days 04:04:23.583000,0 days 04:02:17.589000,TimingData.Position at NumberOfLaps increment,17.0
PER,11,50,19.0,0 days 04:04:29.677000,0 days 04:02:53.333000,TimingData.Position at NumberOfLaps increment,19.0
VER,3,51,1.0,0 days 04:06:42.184000,0 days 03:49:30.075000,TimingData.Position at NumberOfLaps increment,1.0
ANT,12,51,2.0,0 days 04:06:42.981000,0 days 03:49:30.075000,TimingData.Position at NumberOfLaps increment,2.0
HAD,6,51,3.0,0 days 04:06:43.496000,0 days 04:01:50.683000,TimingData.Position at NumberOfLaps increment,3.0
HAM,44,51,4.0,0 days 04:06:44.324000,0 days 04:01:59.886000,TimingData.Position at NumberOfLaps increment,4.0
LEC,16,51,5.0,0 days 04:06:45.028000,0 days 04:02:01.464000,TimingData.Position at NumberOfLaps increment,19.0
PIA,81,51,6.0,0 days 04:06:45.590000,0 days 04:02:02.683000,TimingData.Position at NumberOfLaps increment,6.0
LAW,30,51,7.0,0 days 04:06:45.684000,0 days 04:02:04.183000,TimingData.Position at NumberOfLaps increment,5.0
ALO,14,51,8.0,0 days 04:06:46.043000,0 days 04:02:05.011000,TimingData.Position at NumberOfLaps increment,7.0
HUL,27,51,9.0,0 days 04:06:46.653000,0 days 04:02:05.574000,TimingData.Position at NumberOfLaps increment,8.0
LIN,41,51,10.0,0 days 04:06:46.918000,0 days 04:02:07.183000,TimingData.Position at NumberOfLaps increment,9.0
NOR,1,51,11.0,0 days 04:06:47.152000,0 days 04:02:21.261000,TimingData.Position at NumberOfLaps increment,10.0
STR,18,51,12.0,0 days 04:06:47.434000,0 days 04:02:21.261000,TimingData.Position at NumberOfLaps increment,11.0
BEA,87,51,13.0,0 days 04:06:48.199000,0 days 04:02:09.808000,TimingData.Position at NumberOfLaps increment,12.0
COL,43,51,14.0,0 days 04:06:48.559000,0 days 04:02:12.105000,TimingData.Position at NumberOfLaps increment,13.0
OCO,31,51,15.0,0 days 04:06:49.090000,0 days 04:02:13.120000,TimingData.Position at NumberOfLaps increment,14.0
GAS,10,51,16.0,0 days 04:06:49.184000,0 days 04:02:14.933000,TimingData.Position at NumberOfLaps increment,15.0
SAI,55,51,17.0,0 days 04:06:49.559000,0 days 04:02:15.917000,TimingData.Position at NumberOfLaps increment,16.0
BOR,5,51,18.0,0 days 04:06:50.028000,0 days 04:02:17.589000,TimingData.Position at NumberOfLaps increment,17.0
PER,11,51,19.0,0 days 04:06:50.575000,0 days 04:02:53.333000,TimingData.Position at NumberOfLaps increment,18.0
VER,3,52,1.0,0 days 04:08:20.730000,0 days 03:49:30.075000,TimingData.Position at NumberOfLaps increment,1.0
ANT,12,52,2.0,0 days 04:08:21.589000,0 days 03:49:30.075000,TimingData.Position at NumberOfLaps increment,2.0
HAD,6,52,3.0,0 days 04:08:23.261000,0 days 04:01:50.683000,TimingData.Position at NumberOfLaps increment,3.0
HAM,44,52,4.0,0 days 04:08:23.792000,0 days 04:01:59.886000,TimingData.Position at NumberOfLaps increment,4.0
LEC,16,52,5.0,0 days 04:08:24.792000,0 days 04:02:01.464000,TimingData.Position at NumberOfLaps increment,19.0
PIA,81,52,6.0,0 days 04:08:25.886000,0 days 04:07:17.053000,TimingData.Position at NumberOfLaps increment,5.0
LAW,30,52,7.0,0 days 04:08:26.808000,0 days 04:07:17.053000,TimingData.Position at NumberOfLaps increment,6.0
ALO,14,52,8.0,0 days 04:08:27.667000,0 days 04:02:05.011000,TimingData.Position at NumberOfLaps increment,7.0
HUL,27,52,9.0,0 days 04:08:28.371000,0 days 04:02:05.574000,TimingData.Position at NumberOfLaps increment,8.0
NOR,1,52,10.0,0 days 04:08:28.667000,0 days 04:06:59.012000,TimingData.Position at NumberOfLaps increment,9.0
LIN,41,52,11.0,0 days 04:08:29.089000,0 days 04:06:59.012000,TimingData.Position at NumberOfLaps increment,10.0
STR,18,52,12.0,0 days 04:08:29.964000,0 days 04:02:21.261000,TimingData.Position at NumberOfLaps increment,11.0
COL,43,52,13.0,0 days 04:08:30.637000,0 days 04:07:20.554000,TimingData.Position at NumberOfLaps increment,12.0
BEA,87,52,14.0,0 days 04:08:31.542000,0 days 04:07:20.554000,TimingData.Position at NumberOfLaps increment,13.0
OCO,31,52,15.0,0 days 04:08:31.949000,0 days 04:07:01.262000,TimingData.Position at NumberOfLaps increment,14.0
GAS,10,52,16.0,0 days 04:08:32.449000,0 days 04:07:01.262000,TimingData.Position at NumberOfLaps increment,15.0
SAI,55,52,17.0,0 days 04:08:33.433000,0 days 04:07:21.853000,TimingData.Position at NumberOfLaps increment,16.0
BOR,5,52,18.0,0 days 04:08:34.089000,0 days 04:07:21.853000,TimingData.Position at NumberOfLaps increment,17.0
PER,11,52,19.0,0 days 04:08:34.933000,0 days 04:02:53.333000,TimingData.Position at NumberOfLaps increment,18.0
VER,3,53,1.0,0 days 04:09:59.215000,0 days 03:49:30.075000,TimingData.Position at NumberOfLaps increment,1.0
ANT,12,53,2.0,0 days 04:10:00.433000,0 days 03:49:30.075000,TimingData.Position at NumberOfLaps increment,2.0
HAM,44,53,3.0,0 days 04:10:02.308000,0 days 04:08:29.652000,TimingData.Position at NumberOfLaps increment,3.0
HAD,6,53,4.0,0 days 04:10:03.855000,0 days 04:08:29.652000,TimingData.Position at NumberOfLaps increment,4.0
LEC,16,53,5.0,0 days 04:10:04.293000,0 days 04:02:01.464000,TimingData.Position at NumberOfLaps increment,19.0
PIA,81,53,6.0,0 days 04:10:05.308000,0 days 04:07:17.053000,TimingData.Position at NumberOfLaps increment,5.0
LAW,30,53,7.0,0 days 04:10:07.121000,0 days 04:07:17.053000,TimingData.Position at NumberOfLaps increment,6.0
ALO,14,53,8.0,0 days 04:10:08.449000,0 days 04:02:05.011000,TimingData.Position at NumberOfLaps increment,7.0
NOR,1,53,9.0,0 days 04:10:09.277000,0 days 04:08:59.855000,TimingData.Position at NumberOfLaps increment,8.0
HUL,27,53,10.0,0 days 04:10:09.996000,0 days 04:08:59.855000,TimingData.Position at NumberOfLaps increment,9.0
LIN,41,53,11.0,0 days 04:10:10.340000,0 days 04:06:59.012000,TimingData.Position at NumberOfLaps increment,10.0
STR,18,53,12.0,0 days 04:10:11.340000,0 days 04:02:21.261000,TimingData.Position at NumberOfLaps increment,11.0
COL,43,53,13.0,0 days 04:10:12.152000,0 days 04:07:20.554000,TimingData.Position at NumberOfLaps increment,12.0
BEA,87,53,14.0,0 days 04:10:13.324000,0 days 04:07:20.554000,TimingData.Position at NumberOfLaps increment,13.0
OCO,31,53,15.0,0 days 04:10:14.058000,0 days 04:07:01.262000,TimingData.Position at NumberOfLaps increment,14.0
GAS,10,53,16.0,0 days 04:10:14.496000,0 days 04:07:01.262000,TimingData.Position at NumberOfLaps increment,15.0
SAI,55,53,17.0,0 days 04:10:15.683000,0 days 04:07:21.853000,TimingData.Position at NumberOfLaps increment,16.0
BOR,5,53,18.0,0 days 04:10:17.152000,0 days 04:07:21.853000,TimingData.Position at NumberOfLaps increment,17.0
PER,11,53,19.0,0 days 04:10:18.308000,0 days 04:02:53.333000,TimingData.Position at NumberOfLaps increment,18.0
VER,3,54,1.0,0 days 04:11:37.840000,0 days 03:49:30.075000,TimingData.Position at NumberOfLaps increment,1.0
ANT,12,54,2.0,0 days 04:11:39.340000,0 days 03:49:30.075000,TimingData.Position at NumberOfLaps increment,2.0
HAM,44,54,3.0,0 days 04:11:41.402000,0 days 04:08:29.652000,TimingData.Position at NumberOfLaps increment,3.0
LEC,16,54,4.0,0 days 04:11:43.231000,0 days 04:10:08.011000,TimingData.Position at NumberOfLaps increment,19.0
HAD,6,54,5.0,0 days 04:11:44.824000,0 days 04:10:08.011000,TimingData.Position at NumberOfLaps increment,4.0
PIA,81,54,6.0,0 days 04:11:45.590000,0 days 04:07:17.053000,TimingData.Position at NumberOfLaps increment,5.0
LAW,30,54,7.0,0 days 04:11:47.699000,0 days 04:07:17.053000,TimingData.Position at NumberOfLaps increment,6.0
ALO,14,54,8.0,0 days 04:11:48.809000,0 days 04:02:05.011000,TimingData.Position at NumberOfLaps increment,7.0
NOR,1,54,9.0,0 days 04:11:49.293000,0 days 04:08:59.855000,TimingData.Position at NumberOfLaps increment,8.0
HUL,27,54,10.0,0 days 04:11:51.371000,0 days 04:10:41.543000,TimingData.Position at NumberOfLaps increment,9.0
LIN,41,54,11.0,0 days 04:11:51.715000,0 days 04:10:41.543000,TimingData.Position at NumberOfLaps increment,10.0
STR,18,54,12.0,0 days 04:11:52.527000,0 days 04:02:21.261000,TimingData.Position at NumberOfLaps increment,11.0
COL,43,54,13.0,0 days 04:11:53.465000,0 days 04:07:20.554000,TimingData.Position at NumberOfLaps increment,12.0
BEA,87,54,14.0,0 days 04:11:55.652000,0 days 04:07:20.554000,TimingData.Position at NumberOfLaps increment,13.0
OCO,31,54,15.0,0 days 04:11:56.402000,0 days 04:07:01.262000,TimingData.Position at NumberOfLaps increment,14.0
GAS,10,54,16.0,0 days 04:11:56.918000,0 days 04:07:01.262000,TimingData.Position at NumberOfLaps increment,15.0
SAI,55,54,17.0,0 days 04:11:58.324000,0 days 04:07:21.853000,TimingData.Position at NumberOfLaps increment,16.0
BOR,5,54,18.0,0 days 04:12:00.824000,0 days 04:07:21.853000,TimingData.Position at NumberOfLaps increment,17.0
PER,11,54,19.0,0 days 04:12:01.871000,0 days 04:02:53.333000,TimingData.Position at NumberOfLaps increment,18.0
VER,3,55,1.0,0 days 04:13:16.022000,0 days 03:49:30.075000,TimingData.Position at NumberOfLaps increment,1.0
ANT,12,55,2.0,0 days 04:13:18.397000,0 days 03:49:30.075000,TimingData.Position at NumberOfLaps increment,2.0
HAM,44,55,3.0,0 days 04:13:20.866000,0 days 04:08:29.652000,TimingData.Position at NumberOfLaps increment,3.0
LEC,16,55,4.0,0 days 04:13:23.225000,0 days 04:10:08.011000,TimingData.Position at NumberOfLaps increment,17.0
HAD,6,55,5.0,0 days 04:13:24.491000,0 days 04:10:08.011000,TimingData.Position at NumberOfLaps increment,4.0
PIA,81,55,6.0,0 days 04:13:25.385000,0 days 04:07:17.053000,TimingData.Position at NumberOfLaps increment,5.0
LAW,30,55,7.0,0 days 04:13:28.721000,0 days 04:07:17.053000,TimingData.Position at NumberOfLaps increment,6.0
ALO,14,55,8.0,0 days 04:13:29.323000,0 days 04:02:05.011000,TimingData.Position at NumberOfLaps increment,7.0
NOR,1,55,9.0,0 days 04:13:29.939000,0 days 04:08:59.855000,TimingData.Position at NumberOfLaps increment,8.0
LIN,41,55,10.0,0 days 04:13:31.865000,0 days 04:11:55.699000,TimingData.Position at NumberOfLaps increment,9.0
HUL,27,55,11.0,0 days 04:13:33.419000,0 days 04:11:55.699000,TimingData.Position at NumberOfLaps increment,10.0
STR,18,55,12.0,0 days 04:13:34.058000,0 days 04:02:21.261000,TimingData.Position at NumberOfLaps increment,11.0
COL,43,55,13.0,0 days 04:13:34.994000,0 days 04:07:20.554000,TimingData.Position at NumberOfLaps increment,12.0
BEA,87,55,14.0,0 days 04:13:38.292000,0 days 04:07:20.554000,TimingData.Position at NumberOfLaps increment,13.0
OCO,31,55,15.0,0 days 04:13:38.554000,0 days 04:07:01.262000,TimingData.Position at NumberOfLaps increment,14.0
GAS,10,55,16.0,0 days 04:13:39.354000,0 days 04:07:01.262000,TimingData.Position at NumberOfLaps increment,15.0
SAI,55,55,17.0,0 days 04:13:41.416000,0 days 04:07:21.853000,TimingData.Position at NumberOfLaps increment,16.0
BOR,5,55,18.0,0 days 04:13:44.151000,0 days 04:07:21.853000,TimingData.Position at NumberOfLaps increment,18.0
PER,11,55,19.0,0 days 04:13:45.276000,0 days 04:02:53.333000,TimingData.Position at NumberOfLaps increment,19.0
